49,56,0,0,0,0,0,0
64,68,71,75,0,0,0,0
78,0,0,0,0,0,0,0
71,0,0,0,0,0,0,0
47,54,59,0,0,0,0,0
63,66,70,73,0,0,0,0
78,0,0,0,0,0,0,0
73,0,0,0,0,0,0,0
49,56,0,0,0,0,0,0
64,68,71,75,0,0,0,0
78,0,0,0,0,0,0,0
71,0,0,0,0,0,0,0
47,54,59,63,66,70,73,0
56,0,0,0,0,0,0,0
63,69,66,72,75,0,0,0
80,0,0,0,0,0,0,0
78,0,0,0,0,0,0,0
47,54,62,69,73,0,0,0
47,59,62,66,69,0,0,0
52,59,62,67,71,74,0,0
50,61,66,69,76,0,0,0
47,54,62,69,73,0,0,0
47,59,62,66,69,0,0,0
52,59,62,67,71,74,0,0
50,61,66,69,76,0,0,0
47,54,62,69,73,0,0,0
40,47,79,83,90,0,0,0
55,0,0,0,0,0,0,0
88,0,0,0,0,0,0,0
79,83,0,0,0,0,0,0
90,0,0,0,0,0,0,0
88,0,0,0,0,0,0,0
55,59,62,66,0,0,0,0
79,86,0,0,0,0,0,0
83,0,0,0,0,0,0,0
33,45,79,85,0,0,0,0
79,86,0,0,0,0,0,0
55,59,61,66,0,0,0,0
79,88,0,0,0,0,0,0
79,90,0,0,0,0,0,0
38,50,81,85,93,0,0,0
90,0,0,0,0,0,0,0
81,85,93,0,0,0,0,0
90,0,0,0,0,0,0,0
54,57,61,64,0,0,0,0
81,0,0,0,0,0,0,0
88,0,0,0,0,0,0,0
81,85,0,0,0,0,0,0
35,47,75,0,0,0,0,0
81,0,0,0,0,0,0,0
75,83,0,0,0,0,0,0
54,57,59,63,0,0,0,0
75,85,0,0,0,0,0,0
83,0,0,0,0,0,0,0
40,47,79,83,90,0,0,0
55,0,0,0,0,0,0,0
88,0,0,0,0,0,0,0
79,83,0,0,0,0,0,0
90,0,0,0,0,0,0,0
88,0,0,0,0,0,0,0
55,59,62,66,0,0,0,0
79,86,0,0,0,0,0,0
83,0,0,0,0,0,0,0
33,45,79,85,0,0,0,0
79,86,0,0,0,0,0,0
55,59,61,66,0,0,0,0
79,88,0,0,0,0,0,0
79,90,0,0,0,0,0,0
38,50,81,85,93,0,0,0
90,0,0,0,0,0,0,0
81,85,93,0,0,0,0,0
90,0,0,0,0,0,0,0
54,57,61,64,0,0,0,0
81,0,0,0,0,0,0,0
88,0,0,0,0,0,0,0
81,85,0,0,0,0,0,0
35,47,75,0,0,0,0,0
81,0,0,0,0,0,0,0
75,83,0,0,0,0,0,0
54,57,59,63,0,0,0,0
75,85,0,0,0,0,0,0
83,0,0,0,0,0,0,0
45,69,72,64,83,86,0,0
64,0,0,0,0,0,0,0
67,0,0,0,0,0,0,0
76,0,0,0,0,0,0,0
52,64,67,71,86,78,0,0
66,0,0,0,0,0,0,0
76,0,0,0,0,0,0,0
71,0,0,0,0,0,0,0
79,0,0,0,0,0,0,0
45,69,72,64,83,86,0,0
64,0,0,0,0,0,0,0
67,0,0,0,0,0,0,0
76,0,0,0,0,0,0,0
52,64,67,71,86,78,0,0
66,0,0,0,0,0,0,0
76,0,0,0,0,0,0,0
79,0,0,0,0,0,0,0
43,62,67,71,78,0,0,0
71,0,0,0,0,0,0,0
67,0,0,0,0,0,0,0
62,0,0,0,0,0,0,0
53,65,69,72,76,0,0,0
74,0,0,0,0,0,0,0
79,0,0,0,0,0,0,0
67,0,0,0,0,0,0,0
43,62,67,71,78,0,0,0
71,0,0,0,0,0,0,0
67,0,0,0,0,0,0,0
62,0,0,0,0,0,0,0
53,65,69,72,76,0,0,0
74,0,0,0,0,0,0,0
79,0,0,0,0,0,0,0
67,0,0,0,0,0,0,0
41,60,65,69,76,0,0,0
50,62,65,69,72,0,0,0
52,64,67,71,0,0,0,0
79,0,0,0,0,0,0,0
84,0,0,0,0,0,0,0
71,0,0,0,0,0,0,0
46,65,70,73,0,0,0,0
75,0,0,0,0,0,0,0
53,65,68,72,0,0,0,0
53,65,68,72,0,0,0,0
77,0,0,0,0,0,0,0
46,65,70,73,0,0,0,0
77,0,0,0,0,0,0,0
82,0,0,0,0,0,0,0
46,65,70,73,0,0,0,0
75,0,0,0,0,0,0,0
53,65,68,72,0,0,0,0
53,65,68,72,0,0,0,0
77,0,0,0,0,0,0,0
46,65,70,73,0,0,0,0
77,0,0,0,0,0,0,0
82,0,0,0,0,0,0,0
36,60,64,55,69,0,0,0
38,62,65,57,67,0,0,0
40,64,57,59,74,0,0,0
43,55,59,62,64,69,0,0
45,64,69,72,79,83,0,0
64,0,0,0,0,0,0,0
67,0,0,0,0,0,0,0
48,64,67,72,86,0,0,0
60,0,0,0,0,0,0,0
69,0,0,0,0,0,0,0
47,66,71,74,81,0,0,0
41,60,65,69,76,79,0,0
50,62,65,69,72,0,0,0
52,64,67,71,74,0,0,0
41,60,65,69,76,0,0,0
41,60,65,69,76,79,0,0
50,62,65,69,72,0,0,0
52,64,67,71,74,0,0,0
41,60,65,69,76,0,0,0
40,59,64,67,0,0,0,0
76,0,0,0,0,0,0,0
48,60,64,67,81,0,0,0
48,60,64,67,0,0,0,0
76,0,0,0,0,0,0,0
50,62,67,69,0,0,0,0
83,0,0,0,0,0,0,0
81,0,0,0,0,0,0,0
79,0,0,0,0,0,0,0
40,59,64,67,0,0,0,0
76,0,0,0,0,0,0,0
48,60,64,67,81,0,0,0
48,60,64,67,0,0,0,0
76,0,0,0,0,0,0,0
50,62,67,69,0,0,0,0
83,0,0,0,0,0,0,0
81,0,0,0,0,0,0,0
79,0,0,0,0,0,0,0
39,58,63,66,73,0,0,0
47,59,61,66,70,0,0,0
47,59,61,66,70,0,0,0
47,59,63,66,70,0,0,0
54,0,0,0,0,0,0,0
49,61,65,68,0,0,0,0
80,0,0,0,0,0,0,0
82,0,0,0,0,0,0,0
39,58,63,66,73,0,0,0
47,59,61,66,70,0,0,0
47,59,61,66,70,0,0,0
47,59,63,66,70,0,0,0
54,0,0,0,0,0,0,0
49,61,65,68,0,0,0,0
80,0,0,0,0,0,0,0
82,0,0,0,0,0,0,0
36,55,60,70,0,0,0,0
79,0,0,0,0,0,0,0
39,55,58,63,74,0,0,0
43,55,58,62,0,0,0,0
82,0,0,0,0,0,0,0
58,0,0,0,0,0,0,0
39,55,58,63,72,74,0,0
36,55,60,70,0,0,0,0
79,0,0,0,0,0,0,0
39,55,58,63,74,0,0,0
43,55,58,62,0,0,0,0
82,0,0,0,0,0,0,0
58,0,0,0,0,0,0,0
39,55,58,63,72,74,0,0
60,63,67,70,74,77,0,0
77,0,0,0,0,0,0,0
75,0,0,0,0,0,0,0
53,57,63,0,0,0,0,0
65,69,74,0,0,0,0,0
69,0,0,0,0,0,0,0
53,57,60,62,65,72,0,0
67,0,0,0,0,0,0,0
69,0,0,0,0,0,0,0
55,59,62,65,0,0,0,0
69,0,0,0,0,0,0,0
67,0,0,0,0,0,0,0
60,63,67,70,74,77,0,0
77,0,0,0,0,0,0,0
75,0,0,0,0,0,0,0
53,57,63,0,0,0,0,0
65,69,74,0,0,0,0,0
69,0,0,0,0,0,0,0
53,57,60,62,65,72,0,0
67,0,0,0,0,0,0,0
69,0,0,0,0,0,0,0
55,59,62,65,0,0,0,0
69,0,0,0,0,0,0,0
67,0,0,0,0,0,0,0
44,56,63,66,70,71,75,0
44,56,63,66,70,71,75,0
51,58,65,66,70,73,0,0
39,46,54,58,61,63,73,0
46,56,62,66,73,0,0,0
46,53,56,60,61,65,0,0
60,63,67,70,0,0,0,0
79,0,0,0,0,0,0,0
67,70,74,77,0,0,0,0
63,67,70,74,0,0,0,0
74,0,0,0,0,0,0,0
58,0,0,0,0,0,0,0
69,0,0,0,0,0,0,0
60,63,67,70,0,0,0,0
79,0,0,0,0,0,0,0
67,70,74,77,0,0,0,0
63,67,70,74,0,0,0,0
74,0,0,0,0,0,0,0
58,0,0,0,0,0,0,0
69,0,0,0,0,0,0,0
60,63,67,70,0,0,0,0
54,58,61,0,0,0,0,0
65,0,0,0,0,0,0,0
66,0,0,0,0,0,0,0
68,0,0,0,0,0,0,0
65,0,0,0,0,0,0,0
63,0,0,0,0,0,0,0
61,0,0,0,0,0,0,0
63,0,0,0,0,0,0,0
51,54,58,0,0,0,0,0
65,0,0,0,0,0,0,0
66,0,0,0,0,0,0,0
68,0,0,0,0,0,0,0
65,0,0,0,0,0,0,0
63,0,0,0,0,0,0,0
61,0,0,0,0,0,0,0
63,0,0,0,0,0,0,0
54,58,0,0,0,0,0,0
61,0,0,0,0,0,0,0
65,0,0,0,0,0,0,0
66,0,0,0,0,0,0,0
68,0,0,0,0,0,0,0
65,0,0,0,0,0,0,0
63,0,0,0,0,0,0,0
61,0,0,0,0,0,0,0
63,0,0,0,0,0,0,0
51,54,58,0,0,0,0,0
65,0,0,0,0,0,0,0
66,0,0,0,0,0,0,0
68,0,0,0,0,0,0,0
65,0,0,0,0,0,0,0
63,0,0,0,0,0,0,0
61,0,0,0,0,0,0,0
63,0,0,0,0,0,0,0
54,61,64,69,0,0,0,0
50,57,62,66,69,73,76,0
47,59,62,66,69,0,0,0
47,54,57,62,66,69,73,0
50,57,62,66,69,73,76,0
74,76,79,83,86,0,0,0
72,84,0,0,0,0,0,0
72,75,83,78,71,0,0,0
81,69,0,0,0,0,0,0
69,72,79,67,76,0,0,0
77,65,0,0,0,0,0,0
65,76,64,68,71,0,0,0
74,62,0,0,0,0,0,0
76,79,74,83,86,0,0,0
84,72,0,0,0,0,0,0
72,75,71,78,83,0,0,0
69,81,0,0,0,0,0,0
72,67,69,76,79,0,0,0
65,77,0,0,0,0,0,0
65,68,71,0,0,0,0,0
64,76,0,0,0,0,0,0
62,74,0,0,0,0,0,0
51,58,63,66,70,0,0,0
51,58,63,65,70,0,0,0
44,56,59,63,66,70,71,75
46,51,53,58,61,65,66,70
50,58,62,65,70,0,0,0
51,58,63,66,70,0,0,0
51,58,63,65,70,0,0,0
44,56,59,63,66,70,71,75
46,51,53,58,61,65,66,70
50,58,62,65,70,0,0,0
51,54,61,0,0,0,0,0
58,0,0,0,0,0,0,0
73,0,0,0,0,0,0,0
70,0,0,0,0,0,0,0
66,0,0,0,0,0,0,0
63,0,0,0,0,0,0,0
66,0,0,0,0,0,0,0
53,56,60,65,0,0,0,0
68,0,0,0,0,0,0,0
51,54,58,61,0,0,0,0
73,0,0,0,0,0,0,0
70,0,0,0,0,0,0,0
66,0,0,0,0,0,0,0
63,0,0,0,0,0,0,0
66,0,0,0,0,0,0,0
53,56,60,65,0,0,0,0
68,0,0,0,0,0,0,0
72,0,0,0,0,0,0,0
51,54,58,61,0,0,0,0
73,0,0,0,0,0,0,0
70,0,0,0,0,0,0,0
66,0,0,0,0,0,0,0
63,0,0,0,0,0,0,0
66,0,0,0,0,0,0,0
56,65,60,53,0,0,0,0
68,0,0,0,0,0,0,0
54,51,61,58,0,0,0,0
73,61,58,0,0,0,0,0
70,0,0,0,0,0,0,0
66,0,0,0,0,0,0,0
63,0,0,0,0,0,0,0
49,53,56,60,0,0,0,0
65,0,0,0,0,0,0,0
68,0,0,0,0,0,0,0
40,64,67,59,74,78,0,0
50,62,66,69,73,76,0,0
47,59,62,66,81,0,0,0
50,62,66,69,73,76,0,0
50,62,66,69,83,0,0,0
42,0,0,0,0,0,0,0
57,61,64,0,0,0,0,0
68,0,0,0,0,0,0,0
64,0,0,0,0,0,0,0
40,47,56,59,63,0,0,0
37,53,59,61,0,0,0,0
42,0,0,0,0,0,0,0
57,61,0,0,0,0,0,0
64,0,0,0,0,0,0,0
71,0,0,0,0,0,0,0
64,0,0,0,0,0,0,0
40,47,56,59,63,0,0,0
37,59,65,68,0,0,0,0
36,60,64,55,71,0,0,0
40,64,55,59,74,0,0,0
36,60,64,55,71,0,0,0
64,0,0,0,0,0,0,0
40,64,55,59,74,0,0,0
69,0,0,0,0,0,0,0
36,60,64,55,71,0,0,0
40,64,55,59,74,0,0,0
36,60,64,55,71,0,0,0
64,0,0,0,0,0,0,0
40,64,55,59,74,0,0,0
69,0,0,0,0,0,0,0
38,0,0,0,0,0,0,0
53,57,0,0,0,0,0,0
60,0,0,0,0,0,0,0
64,0,0,0,0,0,0,0
36,0,0,0,0,0,0,0
52,55,0,0,0,0,0,0
59,0,0,0,0,0,0,0
62,0,0,0,0,0,0,0
59,0,0,0,0,0,0,0
38,53,57,0,0,0,0,0
60,0,0,0,0,0,0,0
64,0,0,0,0,0,0,0
60,0,0,0,0,0,0,0
36,52,55,59,0,0,0,0
33,45,49,57,0,0,0,0
36,60,63,55,70,74,0,0
67,0,0,0,0,0,0,0
70,0,0,0,0,0,0,0
39,63,55,58,74,77,0,0
75,0,0,0,0,0,0,0
79,0,0,0,0,0,0,0
36,60,63,55,70,74,0,0
67,0,0,0,0,0,0,0
70,0,0,0,0,0,0,0
39,63,55,58,74,77,0,0
75,0,0,0,0,0,0,0
79,0,0,0,0,0,0,0
53,57,60,64,0,0,0,0
69,72,79,0,0,0,0,0
76,0,0,0,0,0,0,0
69,0,0,0,0,0,0,0
72,0,0,0,0,0,0,0
74,0,0,0,0,0,0,0
69,0,0,0,0,0,0,0
72,0,0,0,0,0,0,0
50,53,57,60,0,0,0,0
79,0,0,0,0,0,0,0
69,0,0,0,0,0,0,0
72,0,0,0,0,0,0,0
50,53,57,60,0,0,0,0
79,0,0,0,0,0,0,0
76,0,0,0,0,0,0,0
69,0,0,0,0,0,0,0
72,0,0,0,0,0,0,0
74,0,0,0,0,0,0,0
72,0,0,0,0,0,0,0
69,72,79,0,0,0,0,0
53,57,60,64,0,0,0,0
69,72,79,0,0,0,0,0
76,0,0,0,0,0,0,0
69,0,0,0,0,0,0,0
72,0,0,0,0,0,0,0
74,0,0,0,0,0,0,0
69,72,0,0,0,0,0,0
50,53,57,60,0,0,0,0
79,0,0,0,0,0,0,0
69,72,0,0,0,0,0,0
50,53,57,60,0,0,0,0
79,0,0,0,0,0,0,0
76,0,0,0,0,0,0,0
69,0,0,0,0,0,0,0
72,0,0,0,0,0,0,0
74,0,0,0,0,0,0,0
72,0,0,0,0,0,0,0
40,64,67,59,0,0,0,0
64,0,0,0,0,0,0,0
67,0,0,0,0,0,0,0
76,0,0,0,0,0,0,0
47,59,62,66,81,0,0,0
66,0,0,0,0,0,0,0
78,0,0,0,0,0,0,0
76,0,0,0,0,0,0,0
79,0,0,0,0,0,0,0
83,0,0,0,0,0,0,0
40,64,67,59,0,0,0,0
64,0,0,0,0,0,0,0
67,0,0,0,0,0,0,0
76,0,0,0,0,0,0,0
47,59,62,66,81,0,0,0
66,0,0,0,0,0,0,0
78,0,0,0,0,0,0,0
76,0,0,0,0,0,0,0
79,0,0,0,0,0,0,0
83,0,0,0,0,0,0,0
49,56,63,68,0,0,0,0
76,0,0,0,0,0,0,0
75,0,0,0,0,0,0,0
52,59,66,0,0,0,0,0
76,0,0,0,0,0,0,0
68,0,0,0,0,0,0,0
76,0,0,0,0,0,0,0
75,0,0,0,0,0,0,0
54,61,68,0,0,0,0,0
76,0,0,0,0,0,0,0
69,0,0,0,0,0,0,0
54,61,68,0,0,0,0,0
76,0,0,0,0,0,0,0
76,0,0,0,0,0,0,0
75,0,0,0,0,0,0,0
76,0,0,0,0,0,0,0
80,0,0,0,0,0,0,0
78,0,0,0,0,0,0,0
49,56,63,68,0,0,0,0
76,0,0,0,0,0,0,0
75,0,0,0,0,0,0,0
52,59,66,0,0,0,0,0
76,0,0,0,0,0,0,0
68,0,0,0,0,0,0,0
76,0,0,0,0,0,0,0
75,0,0,0,0,0,0,0
54,61,68,0,0,0,0,0
76,0,0,0,0,0,0,0
69,0,0,0,0,0,0,0
54,61,68,0,0,0,0,0
76,0,0,0,0,0,0,0
76,0,0,0,0,0,0,0
75,0,0,0,0,0,0,0
76,0,0,0,0,0,0,0
71,83,0,0,0,0,0,0
69,81,0,0,0,0,0,0
45,64,69,72,79,83,0,0
64,0,0,0,0,0,0,0
67,0,0,0,0,0,0,0
81,0,0,0,0,0,0,0
76,0,0,0,0,0,0,0
69,0,0,0,0,0,0,0
53,65,69,72,76,0,0,0
69,0,0,0,0,0,0,0
55,67,69,74,76,0,0,0
45,64,69,72,79,0,0,0
69,0,0,0,0,0,0,0
45,64,69,72,79,83,0,0
64,0,0,0,0,0,0,0
67,0,0,0,0,0,0,0
81,0,0,0,0,0,0,0
76,0,0,0,0,0,0,0
69,0,0,0,0,0,0,0
53,65,69,72,76,0,0,0
69,0,0,0,0,0,0,0
55,67,69,74,76,0,0,0
45,64,69,72,79,0,0,0
69,0,0,0,0,0,0,0
48,53,57,0,0,0,0,0
64,0,0,0,0,0,0,0
91,0,0,0,0,0,0,0
89,0,0,0,0,0,0,0
88,0,0,0,0,0,0,0
81,0,0,0,0,0,0,0
79,0,0,0,0,0,0,0
86,0,0,0,0,0,0,0
76,0,0,0,0,0,0,0
48,59,0,0,0,0,0,0
88,55,0,0,0,0,0,0
76,0,0,0,0,0,0,0
64,0,0,0,0,0,0,0
79,0,0,0,0,0,0,0
55,0,0,0,0,0,0,0
72,0,0,0,0,0,0,0
74,0,0,0,0,0,0,0
48,53,57,0,0,0,0,0
64,0,0,0,0,0,0,0
91,0,0,0,0,0,0,0
89,0,0,0,0,0,0,0
88,0,0,0,0,0,0,0
81,0,0,0,0,0,0,0
79,0,0,0,0,0,0,0
86,0,0,0,0,0,0,0
76,0,0,0,0,0,0,0
48,59,0,0,0,0,0,0
88,55,0,0,0,0,0,0
76,0,0,0,0,0,0,0
64,0,0,0,0,0,0,0
79,0,0,0,0,0,0,0
55,0,0,0,0,0,0,0
72,0,0,0,0,0,0,0
74,0,0,0,0,0,0,0
49,53,56,60,63,0,0,0
80,0,0,0,0,0,0,0
79,0,0,0,0,0,0,0
75,0,0,0,0,0,0,0
72,0,0,0,0,0,0,0
49,53,56,60,63,0,0,0
72,0,0,0,0,0,0,0
70,0,0,0,0,0,0,0
72,0,0,0,0,0,0,0
51,55,58,63,0,0,0,0
75,0,0,0,0,0,0,0
72,0,0,0,0,0,0,0
53,56,60,63,0,0,0,0
80,0,0,0,0,0,0,0
53,56,60,63,67,0,0,0
79,0,0,0,0,0,0,0
75,0,0,0,0,0,0,0
72,0,0,0,0,0,0,0
53,56,60,63,67,0,0,0
72,0,0,0,0,0,0,0
70,0,0,0,0,0,0,0
56,60,63,67,70,72,0,0
56,58,60,63,67,0,0,0
82,0,0,0,0,0,0,0
84,0,0,0,0,0,0,0
30,52,57,59,0,0,0,0
61,73,85,0,0,0,0,0
71,83,0,0,0,0,0,0
52,57,59,61,69,81,0,0
61,0,0,0,0,0,0,0
52,57,59,61,69,81,0,0
37,52,56,59,61,71,83,0
73,85,0,0,0,0,0,0
36,51,55,58,0,0,0,0
61,0,0,0,0,0,0,0
35,0,0,0,0,0,0,0
50,54,57,0,0,0,0,0
64,76,0,0,0,0,0,0
61,0,0,0,0,0,0,0
71,83,0,0,0,0,0,0
35,0,0,0,0,0,0,0
50,54,57,0,0,0,0,0
61,0,0,0,0,0,0,0
38,0,0,0,0,0,0,0
49,54,57,0,0,0,0,0
61,0,0,0,0,0,0,0
61,0,0,0,0,0,0,0
69,81,0,0,0,0,0,0
30,52,57,59,0,0,0,0
61,73,85,0,0,0,0,0
71,83,0,0,0,0,0,0
52,57,59,61,69,81,0,0
61,0,0,0,0,0,0,0
52,57,59,61,69,81,0,0
37,52,56,59,61,71,83,0
73,85,0,0,0,0,0,0
36,51,55,58,0,0,0,0
61,0,0,0,0,0,0,0
35,0,0,0,0,0,0,0
50,54,57,0,0,0,0,0
76,88,0,0,0,0,0,0
61,0,0,0,0,0,0,0
78,90,0,0,0,0,0,0
35,0,0,0,0,0,0,0
50,54,57,0,0,0,0,0
61,0,0,0,0,0,0,0
38,0,0,0,0,0,0,0
49,54,57,0,0,0,0,0
61,76,88,0,0,0,0,0
61,69,81,0,0,0,0,0
41,53,64,57,60,0,0,0
53,60,41,57,64,69,0,0
72,0,0,0,0,0,0,0
76,0,0,0,0,0,0,0
74,0,0,0,0,0,0,0
71,0,0,0,0,0,0,0
72,71,0,0,0,0,0,0
67,0,0,0,0,0,0,0
38,50,53,57,60,0,0,0
67,0,0,0,0,0,0,0
38,53,57,50,60,0,0,0
67,0,0,0,0,0,0,0
64,0,0,0,0,0,0,0
62,67,0,0,0,0,0,0
69,0,0,0,0,0,0,0
72,0,0,0,0,0,0,0
41,53,57,60,64,0,0,0
53,57,60,64,69,41,0,0
72,0,0,0,0,0,0,0
76,0,0,0,0,0,0,0
74,0,0,0,0,0,0,0
71,0,0,0,0,0,0,0
72,79,0,0,0,0,0,0
76,0,0,0,0,0,0,0
38,50,53,57,60,0,0,0
76,0,0,0,0,0,0,0
38,50,53,57,60,0,0,0
76,0,0,0,0,0,0,0
74,0,0,0,0,0,0,0
62,67,0,0,0,0,0,0
53,57,38,50,0,0,0,0
69,0,0,0,0,0,0,0
72,0,0,0,0,0,0,0
45,57,59,67,60,0,0,0
71,0,0,0,0,0,0,0
43,59,63,65,67,0,0,0
55,0,0,0,0,0,0,0
69,0,0,0,0,0,0,0
63,65,47,59,0,0,0,0
67,0,0,0,0,0,0,0
47,55,59,63,65,0,0,0
55,59,48,60,64,0,0,0
62,67,0,0,0,0,0,0
71,0,0,0,0,0,0,0
40,59,52,67,0,0,0,0
60,0,0,0,0,0,0,0
65,0,0,0,0,0,0,0
60,0,0,0,0,0,0,0
44,56,59,60,0,0,0,0
65,0,0,0,0,0,0,0
65,0,0,0,0,0,0,0
67,65,0,0,0,0,0,0
64,0,0,0,0,0,0,0
84,0,0,0,0,0,0,0
53,69,60,0,0,0,0,0
64,69,60,0,0,0,0,0
86,0,0,0,0,0,0,0
84,0,0,0,0,0,0,0
81,0,0,0,0,0,0,0
83,0,0,0,0,0,0,0
84,76,0,0,0,0,0,0
52,59,62,0,0,0,0,0
81,0,0,0,0,0,0,0
67,0,0,0,0,0,0,0
74,83,0,0,0,0,0,0
52,59,62,0,0,0,0,0
67,0,0,0,0,0,0,0
74,83,0,0,0,0,0,0
79,72,0,0,0,0,0,0
76,0,0,0,0,0,0,0
64,0,0,0,0,0,0,0
71,0,0,0,0,0,0,0
53,64,69,60,0,0,0,0
76,0,0,0,0,0,0,0
71,0,0,0,0,0,0,0
81,0,0,0,0,0,0,0
83,0,0,0,0,0,0,0
84,0,0,0,0,0,0,0
81,0,0,0,0,0,0,0
62,67,59,52,83,0,0,0
77,0,0,0,0,0,0,0
79,0,0,0,0,0,0,0
62,67,59,52,83,0,0,0
77,0,0,0,0,0,0,0
79,76,0,0,0,0,0,0
45,57,64,60,0,0,0,0
81,60,0,0,0,0,0,0
74,0,0,0,0,0,0,0
76,0,0,0,0,0,0,0
74,0,0,0,0,0,0,0
72,0,0,0,0,0,0,0
48,0,0,0,0,0,0,0
75,0,0,0,0,0,0,0
60,70,0,0,0,0,0,0
63,67,0,0,0,0,0,0
67,63,74,0,0,0,0,0
52,0,0,0,0,0,0,0
53,69,0,0,0,0,0,0
63,65,0,0,0,0,0,0
65,63,72,0,0,0,0,0
45,0,0,0,0,0,0,0
50,0,0,0,0,0,0,0
69,0,0,0,0,0,0,0
60,0,0,0,0,0,0,0
72,60,65,0,0,0,0,0
54,0,0,0,0,0,0,0
65,67,0,0,0,0,0,0
55,71,0,0,0,0,0,0
74,65,67,0,0,0,0,0
47,0,0,0,0,0,0,0
48,0,0,0,0,0,0,0
48,60,70,0,0,0,0,0
63,67,0,0,0,0,0,0
67,63,74,0,0,0,0,0
52,0,0,0,0,0,0,0
53,69,0,0,0,0,0,0
63,65,0,0,0,0,0,0
65,63,72,0,0,0,0,0
45,0,0,0,0,0,0,0
50,69,0,0,0,0,0,0
60,0,0,0,0,0,0,0
72,60,65,0,0,0,0,0
54,0,0,0,0,0,0,0
65,67,0,0,0,0,0,0
55,71,0,0,0,0,0,0
74,65,67,0,0,0,0,0
79,0,0,0,0,0,0,0
47,77,0,0,0,0,0,0
48,0,0,0,0,0,0,0
75,0,0,0,0,0,0,0
60,70,0,0,0,0,0,0
63,67,0,0,0,0,0,0
67,63,74,0,0,0,0,0
52,0,0,0,0,0,0,0
53,69,0,0,0,0,0,0
63,65,0,0,0,0,0,0
65,63,72,0,0,0,0,0
45,0,0,0,0,0,0,0
50,0,0,0,0,0,0,0
69,0,0,0,0,0,0,0
60,0,0,0,0,0,0,0
72,60,65,0,0,0,0,0
54,0,0,0,0,0,0,0
65,67,0,0,0,0,0,0
55,71,0,0,0,0,0,0
74,65,67,0,0,0,0,0
47,0,0,0,0,0,0,0
48,0,0,0,0,0,0,0
48,60,70,0,0,0,0,0
63,67,0,0,0,0,0,0
67,63,74,0,0,0,0,0
52,0,0,0,0,0,0,0
53,69,0,0,0,0,0,0
63,65,0,0,0,0,0,0
65,63,72,0,0,0,0,0
45,0,0,0,0,0,0,0
50,69,0,0,0,0,0,0
60,0,0,0,0,0,0,0
72,60,65,0,0,0,0,0
54,0,0,0,0,0,0,0
65,67,0,0,0,0,0,0
55,71,0,0,0,0,0,0
74,65,67,0,0,0,0,0
79,0,0,0,0,0,0,0
47,77,0,0,0,0,0,0
36,58,0,0,0,0,0,0
51,48,55,0,0,0,0,0
48,55,51,62,0,0,0,0
48,51,55,62,0,0,0,0
39,0,0,0,0,0,0,0
41,53,51,0,0,0,0,0
57,0,0,0,0,0,0,0
53,60,51,41,0,0,0,0
41,51,53,60,0,0,0,0
39,0,0,0,0,0,0,0
48,38,0,0,0,0,0,0
53,0,0,0,0,0,0,0
57,0,0,0,0,0,0,0
38,48,60,0,0,0,0,0
38,53,60,48,0,0,0,0
42,0,0,0,0,0,0,0
55,53,43,0,0,0,0,0
59,0,0,0,0,0,0,0
55,62,0,0,0,0,0,0
43,53,0,0,0,0,0,0
53,0,0,0,0,0,0,0
63,43,0,0,0,0,0,0
63,43,65,0,0,0,0,0
36,58,0,0,0,0,0,0
51,48,55,0,0,0,0,0
48,55,51,62,0,0,0,0
48,51,55,62,0,0,0,0
39,0,0,0,0,0,0,0
41,53,51,0,0,0,0,0
57,0,0,0,0,0,0,0
53,60,51,41,0,0,0,0
41,51,53,60,0,0,0,0
39,0,0,0,0,0,0,0
48,38,0,0,0,0,0,0
53,0,0,0,0,0,0,0
57,0,0,0,0,0,0,0
38,48,60,0,0,0,0,0
38,53,60,48,0,0,0,0
42,0,0,0,0,0,0,0
55,53,43,0,0,0,0,0
59,0,0,0,0,0,0,0
55,62,0,0,0,0,0,0
43,53,0,0,0,0,0,0
53,0,0,0,0,0,0,0
63,43,0,0,0,0,0,0
63,43,65,0,0,0,0,0
63,48,57,67,70,0,0,0
66,0,0,0,0,0,0,0
51,60,58,0,0,0,0,0
66,68,0,0,0,0,0,0
66,0,0,0,0,0,0,0
65,0,0,0,0,0,0,0
60,46,57,65,0,0,0,0
58,43,52,62,0,0,0,0
63,48,57,67,70,0,0,0
66,0,0,0,0,0,0,0
51,60,58,0,0,0,0,0
66,68,0,0,0,0,0,0
66,0,0,0,0,0,0,0
65,0,0,0,0,0,0,0
60,46,57,65,0,0,0,0
58,43,52,62,0,0,0,0
36,0,0,0,0,0,0,0
48,55,62,63,0,0,0,0
70,0,0,0,0,0,0,0
77,0,0,0,0,0,0,0
74,0,0,0,0,0,0,0
41,0,0,0,0,0,0,0
34,46,53,60,62,0,0,0
69,0,0,0,0,0,0,0
77,0,0,0,0,0,0,0
74,0,0,0,0,0,0,0
79,0,0,0,0,0,0,0
72,0,0,0,0,0,0,0
36,0,0,0,0,0,0,0
48,55,62,63,0,0,0,0
70,0,0,0,0,0,0,0
77,0,0,0,0,0,0,0
74,0,0,0,0,0,0,0
41,0,0,0,0,0,0,0
34,0,0,0,0,0,0,0
46,53,60,62,0,0,0,0
69,0,0,0,0,0,0,0
77,0,0,0,0,0,0,0
74,0,0,0,0,0,0,0
43,0,0,0,0,0,0,0
79,0,0,0,0,0,0,0
72,0,0,0,0,0,0,0
36,0,0,0,0,0,0,0
48,55,62,63,0,0,0,0
70,0,0,0,0,0,0,0
77,0,0,0,0,0,0,0
74,0,0,0,0,0,0,0
41,0,0,0,0,0,0,0
34,46,53,60,62,0,0,0
69,0,0,0,0,0,0,0
77,0,0,0,0,0,0,0
74,0,0,0,0,0,0,0
79,0,0,0,0,0,0,0
72,0,0,0,0,0,0,0
36,0,0,0,0,0,0,0
48,55,62,63,0,0,0,0
70,0,0,0,0,0,0,0
77,0,0,0,0,0,0,0
74,0,0,0,0,0,0,0
41,0,0,0,0,0,0,0
34,0,0,0,0,0,0,0
46,53,60,62,0,0,0,0
69,0,0,0,0,0,0,0
77,0,0,0,0,0,0,0
74,0,0,0,0,0,0,0
43,0,0,0,0,0,0,0
79,0,0,0,0,0,0,0
72,0,0,0,0,0,0,0
58,61,65,72,0,0,0,0
71,0,0,0,0,0,0,0
70,0,0,0,0,0,0,0
68,0,0,0,0,0,0,0
68,75,0,0,0,0,0,0
64,68,61,75,0,0,0,0
74,0,0,0,0,0,0,0
73,0,0,0,0,0,0,0
71,0,0,0,0,0,0,0
71,78,0,0,0,0,0,0
63,67,60,74,0,0,0,0
73,0,0,0,0,0,0,0
72,0,0,0,0,0,0,0
70,0,0,0,0,0,0,0
70,77,0,0,0,0,0,0
62,66,59,73,0,0,0,0
72,0,0,0,0,0,0,0
71,0,0,0,0,0,0,0
69,0,0,0,0,0,0,0
69,76,0,0,0,0,0,0
58,61,65,72,0,0,0,0
71,0,0,0,0,0,0,0
70,0,0,0,0,0,0,0
68,0,0,0,0,0,0,0
68,75,0,0,0,0,0,0
64,68,61,75,0,0,0,0
74,0,0,0,0,0,0,0
73,0,0,0,0,0,0,0
71,0,0,0,0,0,0,0
71,78,0,0,0,0,0,0
63,67,60,74,0,0,0,0
73,0,0,0,0,0,0,0
72,0,0,0,0,0,0,0
70,0,0,0,0,0,0,0
70,77,0,0,0,0,0,0
62,66,59,73,0,0,0,0
72,0,0,0,0,0,0,0
71,0,0,0,0,0,0,0
69,0,0,0,0,0,0,0
69,76,0,0,0,0,0,0
45,52,56,61,0,0,0,0
45,56,61,64,0,0,0,0
47,54,61,63,0,0,0,0
49,56,59,64,0,0,0,0
49,56,59,64,0,0,0,0
49,0,0,0,0,0,0,0
49,59,64,68,80,0,0,0
49,56,59,64,76,0,0,0
44,54,59,63,75,0,0,0
44,54,59,63,0,0,0,0
44,59,63,66,0,0,0,0
44,54,59,63,0,0,0,0
44,54,59,63,0,0,0,0
45,59,64,68,80,0,0,0
44,54,59,63,83,0,0,0
45,52,56,61,0,0,0,0
45,56,61,64,0,0,0,0
47,54,61,63,0,0,0,0
49,56,59,64,0,0,0,0
49,56,59,64,0,0,0,0
49,0,0,0,0,0,0,0
49,59,64,68,80,0,0,0
49,56,59,64,76,0,0,0
44,54,59,63,75,0,0,0
44,54,59,63,0,0,0,0
44,59,63,66,0,0,0,0
44,54,59,63,0,0,0,0
44,54,59,63,0,0,0,0
45,59,64,68,80,0,0,0
44,54,59,63,83,0,0,0
53,58,61,65,68,0,0,0
54,63,64,68,0,0,0,0
59,0,0,0,0,0,0,0
66,0,0,0,0,0,0,0
59,0,0,0,0,0,0,0
53,0,0,0,0,0,0,0
53,58,61,65,68,0,0,0
54,63,64,68,0,0,0,0
59,0,0,0,0,0,0,0
66,0,0,0,0,0,0,0
59,0,0,0,0,0,0,0
53,0,0,0,0,0,0,0
53,58,61,65,68,0,0,0
54,63,64,68,0,0,0,0
59,0,0,0,0,0,0,0
66,0,0,0,0,0,0,0
59,0,0,0,0,0,0,0
53,0,0,0,0,0,0,0
53,58,61,65,68,0,0,0
54,63,64,68,0,0,0,0
59,0,0,0,0,0,0,0
66,0,0,0,0,0,0,0
59,0,0,0,0,0,0,0
53,0,0,0,0,0,0,0
46,58,61,65,68,72,0,0
70,0,0,0,0,0,0,0
46,0,0,0,0,0,0,0
58,61,65,68,72,0,0,0
46,0,0,0,0,0,0,0
70,0,0,0,0,0,0,0
46,58,61,65,68,72,0,0
70,0,0,0,0,0,0,0
46,0,0,0,0,0,0,0
58,61,65,68,72,0,0,0
70,0,0,0,0,0,0,0
44,0,0,0,0,0,0,0
39,0,0,0,0,0,0,0
42,54,58,61,68,0,0,0
65,0,0,0,0,0,0,0
65,0,0,0,0,0,0,0
42,0,0,0,0,0,0,0
54,58,61,68,0,0,0,0
65,0,0,0,0,0,0,0
42,0,0,0,0,0,0,0
65,0,0,0,0,0,0,0
39,54,58,61,68,0,0,0
65,0,0,0,0,0,0,0
65,0,0,0,0,0,0,0
49,0,0,0,0,0,0,0
54,58,61,68,0,0,0,0
65,0,0,0,0,0,0,0
65,0,0,0,0,0,0,0
44,0,0,0,0,0,0,0
46,58,61,65,68,72,0,0
70,0,0,0,0,0,0,0
46,0,0,0,0,0,0,0
58,61,65,68,72,0,0,0
46,0,0,0,0,0,0,0
70,0,0,0,0,0,0,0
46,58,61,65,68,72,0,0
70,0,0,0,0,0,0,0
46,0,0,0,0,0,0,0
58,61,65,68,72,0,0,0
70,0,0,0,0,0,0,0
44,0,0,0,0,0,0,0
39,0,0,0,0,0,0,0
42,54,58,61,68,0,0,0
65,0,0,0,0,0,0,0
65,0,0,0,0,0,0,0
42,0,0,0,0,0,0,0
54,58,61,68,0,0,0,0
65,0,0,0,0,0,0,0
42,0,0,0,0,0,0,0
65,0,0,0,0,0,0,0
39,54,58,61,68,0,0,0
65,0,0,0,0,0,0,0
65,0,0,0,0,0,0,0
49,0,0,0,0,0,0,0
54,58,61,68,0,0,0,0
65,0,0,0,0,0,0,0
65,0,0,0,0,0,0,0
44,0,0,0,0,0,0,0
62,0,0,0,0,0,0,0
47,0,0,0,0,0,0,0
54,0,0,0,0,0,0,0
64,0,0,0,0,0,0,0
61,0,0,0,0,0,0,0
66,0,0,0,0,0,0,0
62,0,0,0,0,0,0,0
69,0,0,0,0,0,0,0
64,0,0,0,0,0,0,0
71,0,0,0,0,0,0,0
73,0,0,0,0,0,0,0
66,0,0,0,0,0,0,0
69,0,0,0,0,0,0,0
81,71,0,0,0,0,0,0
62,0,0,0,0,0,0,0
47,0,0,0,0,0,0,0
54,0,0,0,0,0,0,0
64,0,0,0,0,0,0,0
61,0,0,0,0,0,0,0
73,0,0,0,0,0,0,0
69,0,0,0,0,0,0,0
66,0,0,0,0,0,0,0
73,78,0,0,0,0,0,0
52,0,0,0,0,0,0,0
59,0,0,0,0,0,0,0
67,0,0,0,0,0,0,0
66,0,0,0,0,0,0,0
71,0,0,0,0,0,0,0
67,0,0,0,0,0,0,0
74,0,0,0,0,0,0,0
69,76,0,0,0,0,0,0
78,0,0,0,0,0,0,0
71,0,0,0,0,0,0,0
81,0,0,0,0,0,0,0
74,0,0,0,0,0,0,0
85,71,0,0,0,0,0,0
52,0,0,0,0,0,0,0
59,0,0,0,0,0,0,0
67,0,0,0,0,0,0,0
66,0,0,0,0,0,0,0
78,0,0,0,0,0,0,0
81,0,0,0,0,0,0,0
69,76,0,0,0,0,0,0
85,71,0,0,0,0,0,0
74,0,0,0,0,0,0,0
81,0,0,0,0,0,0,0
74,78,83,0,0,0,0,0
81,0,0,0,0,0,0,0
81,0,0,0,0,0,0,0
59,0,0,0,0,0,0,0
52,0,0,0,0,0,0,0
38,0,0,0,0,0,0,0
50,54,57,0,0,0,0,0
61,0,0,0,0,0,0,0
50,0,0,0,0,0,0,0
54,0,0,0,0,0,0,0
57,64,0,0,0,0,0,0
54,61,0,0,0,0,0,0
50,0,0,0,0,0,0,0
45,0,0,0,0,0,0,0
55,59,61,0,0,0,0,0
64,0,0,0,0,0,0,0
55,59,0,0,0,0,0,0
61,67,0,0,0,0,0,0
42,54,58,69,0,0,0,0
46,54,58,61,67,0,0,0
47,54,0,0,0,0,0,0
57,0,0,0,0,0,0,0
61,62,66,0,0,0,0,0
57,0,0,0,0,0,0,0
61,62,66,0,0,0,0,0
57,0,0,0,0,0,0,0
45,0,0,0,0,0,0,0
43,0,0,0,0,0,0,0
50,59,0,0,0,0,0,0
55,0,0,0,0,0,0,0
55,0,0,0,0,0,0,0
57,62,66,0,0,0,0,0
57,62,66,0,0,0,0,0
55,0,0,0,0,0,0,0
57,62,66,0,0,0,0,0
43,0,0,0,0,0,0,0
38,0,0,0,0,0,0,0
50,54,57,0,0,0,0,0
61,0,0,0,0,0,0,0
50,0,0,0,0,0,0,0
54,0,0,0,0,0,0,0
57,64,0,0,0,0,0,0
54,61,0,0,0,0,0,0
50,0,0,0,0,0,0,0
45,0,0,0,0,0,0,0
55,59,61,0,0,0,0,0
64,0,0,0,0,0,0,0
55,59,0,0,0,0,0,0
61,67,0,0,0,0,0,0
42,54,58,69,0,0,0,0
46,54,58,61,67,0,0,0
47,54,0,0,0,0,0,0
57,0,0,0,0,0,0,0
61,62,66,0,0,0,0,0
57,0,0,0,0,0,0,0
61,62,66,0,0,0,0,0
57,0,0,0,0,0,0,0
45,0,0,0,0,0,0,0
43,0,0,0,0,0,0,0
50,59,0,0,0,0,0,0
55,0,0,0,0,0,0,0
55,0,0,0,0,0,0,0
57,62,66,0,0,0,0,0
57,62,66,0,0,0,0,0
55,0,0,0,0,0,0,0
57,62,66,0,0,0,0,0
43,0,0,0,0,0,0,0
50,61,66,69,0,0,0,0
57,0,0,0,0,0,0,0
59,0,0,0,0,0,0,0
47,59,62,66,0,0,0,0
54,0,0,0,0,0,0,0
57,0,0,0,0,0,0,0
55,0,0,0,0,0,0,0
40,59,62,0,0,0,0,0
55,0,0,0,0,0,0,0
52,55,66,0,0,0,0,0
45,64,0,0,0,0,0,0
59,0,0,0,0,0,0,0
61,0,0,0,0,0,0,0
55,0,0,0,0,0,0,0
59,0,0,0,0,0,0,0
61,0,0,0,0,0,0,0
50,0,0,0,0,0,0,0
57,61,66,0,0,0,0,0
62,0,0,0,0,0,0,0
47,54,0,0,0,0,0,0
57,0,0,0,0,0,0,0
59,0,0,0,0,0,0,0
62,0,0,0,0,0,0,0
57,0,0,0,0,0,0,0
59,0,0,0,0,0,0,0
62,0,0,0,0,0,0,0
40,55,62,66,0,0,0,0
52,0,0,0,0,0,0,0
45,0,0,0,0,0,0,0
55,59,61,64,0,0,0,0
45,0,0,0,0,0,0,0
55,59,61,64,0,0,0,0
49,0,0,0,0,0,0,0
46,0,0,0,0,0,0,0
58,62,65,69,0,0,0,0
89,101,0,0,0,0,0,0
46,0,0,0,0,0,0,0
88,100,0,0,0,0,0,0
77,0,0,0,0,0,0,0
76,0,0,0,0,0,0,0
74,0,0,0,0,0,0,0
72,0,0,0,0,0,0,0
38,62,69,72,77,0,0,0
86,98,0,0,0,0,0,0
38,0,0,0,0,0,0,0
81,93,0,0,0,0,0,0
74,0,0,0,0,0,0,0
76,0,0,0,0,0,0,0
45,0,0,0,0,0,0,0
74,0,0,0,0,0,0,0
67,0,0,0,0,0,0,0
34,0,0,0,0,0,0,0
46,53,62,0,0,0,0,0
69,72,77,0,0,0,0,0
69,72,77,0,0,0,0,0
69,72,77,81,0,0,0,0
84,0,0,0,0,0,0,0
34,69,72,77,0,0,0,0
81,0,0,0,0,0,0,0
33,72,79,0,0,0,0,0
31,0,0,0,0,0,0,0
43,50,58,0,0,0,0,0
69,74,77,0,0,0,0,0
69,74,77,0,0,0,0,0
69,74,77,81,0,0,0,0
84,0,0,0,0,0,0,0
31,69,74,77,81,0,0,0
33,74,79,0,0,0,0,0
26,0,0,0,0,0,0,0
41,50,57,0,0,0,0,0
69,72,77,0,0,0,0,0
69,72,77,0,0,0,0,0
69,72,77,81,0,0,0,0
84,0,0,0,0,0,0,0
28,81,0,0,0,0,0,0
69,72,77,0,0,0,0,0
72,79,0,0,0,0,0,0
29,0,0,0,0,0,0,0
41,48,57,0,0,0,0,0
69,72,77,0,0,0,0,0
69,72,77,0,0,0,0,0
69,72,77,84,0,0,0,0
86,0,0,0,0,0,0,0
36,0,0,0,0,0,0,0
69,72,77,81,0,0,0,0
72,79,84,0,0,0,0,0
40,47,0,0,0,0,0,0
55,67,0,0,0,0,0,0
66,0,0,0,0,0,0,0
55,0,0,0,0,0,0,0
74,0,0,0,0,0,0,0
83,0,0,0,0,0,0,0
59,72,0,0,0,0,0,0
38,45,0,0,0,0,0,0
59,62,67,74,0,0,0,0
83,0,0,0,0,0,0,0
66,0,0,0,0,0,0,0
59,62,79,0,0,0,0,0
55,60,0,0,0,0,0,0
72,81,0,0,0,0,0,0
36,43,52,0,0,0,0,0
67,79,0,0,0,0,0,0
55,60,0,0,0,0,0,0
66,0,0,0,0,0,0,0
59,74,0,0,0,0,0,0
83,0,0,0,0,0,0,0
55,72,0,0,0,0,0,0
38,48,0,0,0,0,0,0
57,67,0,0,0,0,0,0
60,0,0,0,0,0,0,0
74,0,0,0,0,0,0,0
59,0,0,0,0,0,0,0
66,0,0,0,0,0,0,0
57,62,0,0,0,0,0,0
83,0,0,0,0,0,0,0
55,60,0,0,0,0,0,0
79,0,0,0,0,0,0,0
40,47,0,0,0,0,0,0
55,67,0,0,0,0,0,0
66,0,0,0,0,0,0,0
55,0,0,0,0,0,0,0
74,0,0,0,0,0,0,0
59,72,0,0,0,0,0,0
38,45,0,0,0,0,0,0
59,62,67,0,0,0,0,0
66,0,0,0,0,0,0,0
59,62,0,0,0,0,0,0
55,60,0,0,0,0,0,0
72,0,0,0,0,0,0,0
36,43,52,0,0,0,0,0
67,0,0,0,0,0,0,0
55,60,0,0,0,0,0,0
66,0,0,0,0,0,0,0
59,74,0,0,0,0,0,0
55,72,0,0,0,0,0,0
38,48,0,0,0,0,0,0
57,67,0,0,0,0,0,0
60,0,0,0,0,0,0,0
59,0,0,0,0,0,0,0
66,0,0,0,0,0,0,0
57,62,0,0,0,0,0,0
55,60,0,0,0,0,0,0
46,58,62,65,69,0,0,0
46,58,62,65,69,0,0,0
72,0,0,0,0,0,0,0
69,0,0,0,0,0,0,0
48,60,64,67,0,0,0,0
69,0,0,0,0,0,0,0
48,58,60,64,67,0,0,0
48,58,60,65,0,0,0,0
41,53,55,57,60,64,0,0
41,53,57,60,64,0,0,0
72,0,0,0,0,0,0,0
69,0,0,0,0,0,0,0
38,50,53,57,60,67,0,0
69,0,0,0,0,0,0,0
38,50,53,57,60,0,0,0
65,0,0,0,0,0,0,0
67,0,0,0,0,0,0,0
38,50,53,57,62,65,0,0
46,58,62,65,69,0,0,0
46,58,62,65,69,0,0,0
72,0,0,0,0,0,0,0
69,0,0,0,0,0,0,0
48,58,60,64,67,0,0,0
69,0,0,0,0,0,0,0
48,58,60,64,67,0,0,0
58,60,65,74,0,0,0,0
41,53,57,60,64,74,76,0
41,53,57,60,64,0,0,0
74,0,0,0,0,0,0,0
41,53,55,60,63,72,74,0
41,53,55,60,63,0,0,0
72,0,0,0,0,0,0,0
41,53,55,60,65,69,0,0
41,55,56,60,63,0,0,0
48,58,60,62,63,67,0,0
45,55,57,59,60,64,0,0
44,60,63,0,0,0,0,0
55,56,0,0,0,0,0,0
55,56,58,0,0,0,0,0
41,55,56,60,63,67,0,0
48,60,62,63,67,70,0,0
45,59,60,64,67,71,0,0
44,58,60,63,67,70,0,0
65,0,0,0,0,0,0,0
63,0,0,0,0,0,0,0
61,0,0,0,0,0,0,0
49,0,0,0,0,0,0,0
53,56,60,63,0,0,0,0
49,0,0,0,0,0,0,0
52,0,0,0,0,0,0,0
54,58,61,0,0,0,0,0
54,0,0,0,0,0,0,0
63,0,0,0,0,0,0,0
60,0,0,0,0,0,0,0
58,0,0,0,0,0,0,0
46,0,0,0,0,0,0,0
49,53,56,60,0,0,0,0
46,0,0,0,0,0,0,0
49,0,0,0,0,0,0,0
52,54,58,0,0,0,0,0
52,0,0,0,0,0,0,0
65,0,0,0,0,0,0,0
63,0,0,0,0,0,0,0
61,0,0,0,0,0,0,0
49,0,0,0,0,0,0,0
53,56,60,63,0,0,0,0
49,0,0,0,0,0,0,0
52,0,0,0,0,0,0,0
54,58,61,0,0,0,0,0
54,0,0,0,0,0,0,0
63,0,0,0,0,0,0,0
60,0,0,0,0,0,0,0
58,0,0,0,0,0,0,0
46,0,0,0,0,0,0,0
49,53,56,60,0,0,0,0
46,0,0,0,0,0,0,0
49,0,0,0,0,0,0,0
52,54,58,0,0,0,0,0
52,0,0,0,0,0,0,0
51,56,59,64,0,0,0,0
68,73,0,0,0,0,0,0
71,0,0,0,0,0,0,0
69,0,0,0,0,0,0,0
49,54,57,61,64,69,0,0
49,54,57,61,64,69,0,0
52,57,61,64,0,0,0,0
68,73,0,0,0,0,0,0
47,52,56,61,0,0,0,0
64,69,0,0,0,0,0,0
68,0,0,0,0,0,0,0
66,0,0,0,0,0,0,0
44,52,56,64,61,68,71,0
44,52,56,64,61,68,71,0
42,54,59,63,66,0,0,0
76,71,0,0,0,0,0,0
51,56,59,64,0,0,0,0
68,73,0,0,0,0,0,0
71,0,0,0,0,0,0,0
69,0,0,0,0,0,0,0
49,54,57,61,64,69,0,0
49,54,57,61,64,69,0,0
52,57,61,64,0,0,0,0
68,73,0,0,0,0,0,0
47,52,56,61,0,0,0,0
64,69,0,0,0,0,0,0
68,0,0,0,0,0,0,0
66,0,0,0,0,0,0,0
44,52,56,64,61,68,71,0
44,52,56,64,61,68,71,0
42,54,59,63,66,0,0,0
76,71,0,0,0,0,0,0
64,69,73,76,0,0,0,0
81,0,0,0,0,0,0,0
80,0,0,0,0,0,0,0
78,0,0,0,0,0,0,0
63,68,71,0,0,0,0,0
75,78,0,0,0,0,0,0
61,69,73,0,0,0,0,0
80,0,0,0,0,0,0,0
76,0,0,0,0,0,0,0
78,0,0,0,0,0,0,0
76,0,0,0,0,0,0,0
66,71,75,0,0,0,0,0
78,80,0,0,0,0,0,0
40,47,50,55,57,0,0,0
83,0,0,0,0,0,0,0
62,71,0,0,0,0,0,0
59,74,91,0,0,0,0,0
90,0,0,0,0,0,0,0
79,0,0,0,0,0,0,0
40,47,50,55,57,0,0,0
81,0,0,0,0,0,0,0
33,40,43,48,50,0,0,0
83,0,0,0,0,0,0,0
86,0,0,0,0,0,0,0
40,47,50,55,57,0,0,0
83,0,0,0,0,0,0,0
62,71,0,0,0,0,0,0
59,74,91,0,0,0,0,0
90,0,0,0,0,0,0,0
79,0,0,0,0,0,0,0
40,47,50,55,57,0,0,0
81,0,0,0,0,0,0,0
33,40,43,48,50,0,0,0
83,0,0,0,0,0,0,0
57,72,0,0,0,0,0,0
86,0,0,0,0,0,0,0
76,0,0,0,0,0,0,0
52,0,0,0,0,0,0,0
64,0,0,0,0,0,0,0
103,0,0,0,0,0,0,0
67,0,0,0,0,0,0,0
71,0,0,0,0,0,0,0
74,0,0,0,0,0,0,0
76,0,0,0,0,0,0,0
79,0,0,0,0,0,0,0
83,0,0,0,0,0,0,0
86,0,0,0,0,0,0,0
91,0,0,0,0,0,0,0
107,0,0,0,0,0,0,0
90,0,0,0,0,0,0,0
108,0,0,0,0,0,0,0
95,0,0,0,0,0,0,0
110,0,0,0,0,0,0,0
88,0,0,0,0,0,0,0
48,100,108,0,0,0,0,0
60,0,0,0,0,0,0,0
88,0,0,0,0,0,0,0
95,0,0,0,0,0,0,0
64,0,0,0,0,0,0,0
67,0,0,0,0,0,0,0
71,0,0,0,0,0,0,0
72,0,0,0,0,0,0,0
76,0,0,0,0,0,0,0
79,0,0,0,0,0,0,0
83,0,0,0,0,0,0,0
88,0,0,0,0,0,0,0
86,0,0,0,0,0,0,0
91,0,0,0,0,0,0,0
83,0,0,0,0,0,0,0
52,0,0,0,0,0,0,0
64,0,0,0,0,0,0,0
103,0,0,0,0,0,0,0
91,0,0,0,0,0,0,0
83,0,0,0,0,0,0,0
67,0,0,0,0,0,0,0
71,0,0,0,0,0,0,0
74,0,0,0,0,0,0,0
76,0,0,0,0,0,0,0
79,0,0,0,0,0,0,0
83,0,0,0,0,0,0,0
86,0,0,0,0,0,0,0
91,0,0,0,0,0,0,0
107,0,0,0,0,0,0,0
90,0,0,0,0,0,0,0
108,0,0,0,0,0,0,0
52,60,110,0,0,0,0,0
68,74,0,0,0,0,0,0
45,108,0,0,0,0,0,0
60,0,0,0,0,0,0,0
117,0,0,0,0,0,0,0
68,74,0,0,0,0,0,0
64,0,0,0,0,0,0,0
67,0,0,0,0,0,0,0
71,0,0,0,0,0,0,0
72,0,0,0,0,0,0,0
76,0,0,0,0,0,0,0
79,0,0,0,0,0,0,0
83,0,0,0,0,0,0,0
88,0,0,0,0,0,0,0
86,0,0,0,0,0,0,0
71,79,119,0,0,0,0,0
53,65,72,79,0,0,0,0
68,0,0,0,0,0,0,0
75,0,0,0,0,0,0,0
53,65,72,79,0,0,0,0
75,0,0,0,0,0,0,0
68,0,0,0,0,0,0,0
75,0,0,0,0,0,0,0
49,61,68,75,0,0,0,0
65,0,0,0,0,0,0,0
72,0,0,0,0,0,0,0
84,0,0,0,0,0,0,0
77,0,0,0,0,0,0,0
80,0,0,0,0,0,0,0
49,61,68,75,0,0,0,0
65,0,0,0,0,0,0,0
72,0,0,0,0,0,0,0
84,0,0,0,0,0,0,0
89,0,0,0,0,0,0,0
80,0,0,0,0,0,0,0
53,65,72,79,0,0,0,0
68,0,0,0,0,0,0,0
75,0,0,0,0,0,0,0
53,65,72,79,0,0,0,0
75,0,0,0,0,0,0,0
68,0,0,0,0,0,0,0
75,0,0,0,0,0,0,0
53,65,72,79,0,0,0,0
75,0,0,0,0,0,0,0
68,0,0,0,0,0,0,0
75,0,0,0,0,0,0,0
49,61,68,75,0,0,0,0
65,0,0,0,0,0,0,0
72,0,0,0,0,0,0,0
84,0,0,0,0,0,0,0
89,0,0,0,0,0,0,0
80,0,0,0,0,0,0,0
54,59,62,66,69,0,0,0
74,0,0,0,0,0,0,0
57,60,64,67,72,0,0,0
55,60,64,67,71,0,0,0
78,0,0,0,0,0,0,0
76,0,0,0,0,0,0,0
74,0,0,0,0,0,0,0
71,0,0,0,0,0,0,0
54,59,62,66,69,0,0,0
74,0,0,0,0,0,0,0
52,55,60,64,67,0,0,0
55,60,64,67,71,0,0,0
50,55,59,62,66,0,0,0
54,59,62,66,69,0,0,0
74,0,0,0,0,0,0,0
57,60,64,67,72,0,0,0
55,60,64,67,71,0,0,0
78,0,0,0,0,0,0,0
76,0,0,0,0,0,0,0
74,0,0,0,0,0,0,0
71,0,0,0,0,0,0,0
54,59,62,66,69,0,0,0
74,0,0,0,0,0,0,0
52,55,60,64,67,0,0,0
55,60,64,67,71,0,0,0
50,55,59,62,66,0,0,0
42,54,58,0,0,0,0,0
61,66,0,0,0,0,0,0
42,54,58,61,63,0,0,0
52,59,56,64,0,0,0,0
80,0,0,0,0,0,0,0
78,0,0,0,0,0,0,0
76,0,0,0,0,0,0,0
75,0,0,0,0,0,0,0
74,0,0,0,0,0,0,0
73,0,0,0,0,0,0,0
71,0,0,0,0,0,0,0
70,0,0,0,0,0,0,0
42,54,58,0,0,0,0,0
61,66,0,0,0,0,0,0
42,54,58,61,63,0,0,0
49,56,52,63,0,0,0,0
46,54,51,61,0,0,0,0
78,0,0,0,0,0,0,0
76,0,0,0,0,0,0,0
75,0,0,0,0,0,0,0
74,0,0,0,0,0,0,0
73,0,0,0,0,0,0,0
71,0,0,0,0,0,0,0
70,0,0,0,0,0,0,0
68,0,0,0,0,0,0,0
42,54,58,0,0,0,0,0
61,66,0,0,0,0,0,0
42,54,58,61,63,0,0,0
52,59,56,64,0,0,0,0
80,0,0,0,0,0,0,0
78,0,0,0,0,0,0,0
76,0,0,0,0,0,0,0
75,0,0,0,0,0,0,0
74,0,0,0,0,0,0,0
73,0,0,0,0,0,0,0
71,0,0,0,0,0,0,0
70,0,0,0,0,0,0,0
42,54,58,0,0,0,0,0
61,66,0,0,0,0,0,0
42,54,58,61,63,0,0,0
49,56,52,63,0,0,0,0
46,54,51,61,0,0,0,0
78,0,0,0,0,0,0,0
76,0,0,0,0,0,0,0
75,0,0,0,0,0,0,0
74,0,0,0,0,0,0,0
73,0,0,0,0,0,0,0
71,0,0,0,0,0,0,0
70,0,0,0,0,0,0,0
68,0,0,0,0,0,0,0
43,50,0,0,0,0,0,0
55,59,0,0,0,0,0,0
62,0,0,0,0,0,0,0
43,50,0,0,0,0,0,0
55,59,0,0,0,0,0,0
62,0,0,0,0,0,0,0
45,0,0,0,0,0,0,0
52,55,59,0,0,0,0,0
64,0,0,0,0,0,0,0
43,50,0,0,0,0,0,0
45,0,0,0,0,0,0,0
64,0,0,0,0,0,0,0
55,59,0,0,0,0,0,0
62,0,0,0,0,0,0,0
42,47,0,0,0,0,0,0
50,54,0,0,0,0,0,0
57,0,0,0,0,0,0,0
40,47,0,0,0,0,0,0
52,55,0,0,0,0,0,0
59,0,0,0,0,0,0,0
40,47,0,0,0,0,0,0
52,55,0,0,0,0,0,0
59,0,0,0,0,0,0,0
42,0,0,0,0,0,0,0
48,52,55,0,0,0,0,0
60,0,0,0,0,0,0,0
40,47,0,0,0,0,0,0
42,0,0,0,0,0,0,0
60,0,0,0,0,0,0,0
52,55,0,0,0,0,0,0
59,0,0,0,0,0,0,0
38,43,0,0,0,0,0,0
47,50,0,0,0,0,0,0
54,0,0,0,0,0,0,0
55,74,62,66,78,0,0,0
71,0,0,0,0,0,0,0
71,0,0,0,0,0,0,0
74,0,0,0,0,0,0,0
59,62,66,69,0,0,0,0
73,0,0,0,0,0,0,0
71,78,0,0,0,0,0,0
52,74,62,66,78,0,0,0
71,0,0,0,0,0,0,0
71,0,0,0,0,0,0,0
74,0,0,0,0,0,0,0
54,62,66,0,0,0,0,0
69,0,0,0,0,0,0,0
73,0,0,0,0,0,0,0
71,0,0,0,0,0,0,0
78,0,0,0,0,0,0,0
71,0,0,0,0,0,0,0
69,0,0,0,0,0,0,0
78,0,0,0,0,0,0,0
76,0,0,0,0,0,0,0
55,74,62,66,78,0,0,0
71,0,0,0,0,0,0,0
71,0,0,0,0,0,0,0
74,0,0,0,0,0,0,0
59,62,66,69,0,0,0,0
73,0,0,0,0,0,0,0
71,78,0,0,0,0,0,0
52,74,62,66,78,0,0,0
71,0,0,0,0,0,0,0
71,0,0,0,0,0,0,0
74,0,0,0,0,0,0,0
54,62,66,0,0,0,0,0
69,0,0,0,0,0,0,0
73,0,0,0,0,0,0,0
71,0,0,0,0,0,0,0
78,0,0,0,0,0,0,0
71,0,0,0,0,0,0,0
69,0,0,0,0,0,0,0
78,0,0,0,0,0,0,0
76,0,0,0,0,0,0,0
55,74,78,83,0,0,0,0
59,78,81,86,0,0,0,0
58,77,80,85,0,0,0,0
57,76,79,84,0,0,0,0
57,76,79,84,0,0,0,0
55,0,0,0,0,0,0,0
74,0,0,0,0,0,0,0
78,0,0,0,0,0,0,0
83,0,0,0,0,0,0,0
59,81,86,0,0,0,0,0
58,77,80,85,0,0,0,0
57,76,79,84,0,0,0,0
57,76,79,84,0,0,0,0
49,52,56,61,63,68,0,0
73,0,0,0,0,0,0,0
71,0,0,0,0,0,0,0
49,51,54,58,0,0,0,0
70,0,0,0,0,0,0,0
51,63,54,58,0,0,0,0
52,56,59,63,70,0,0,0
51,61,54,58,0,0,0,0
68,0,0,0,0,0,0,0
49,59,52,56,0,0,0,0
49,52,56,61,63,68,0,0
73,0,0,0,0,0,0,0
71,0,0,0,0,0,0,0
49,51,54,58,0,0,0,0
70,0,0,0,0,0,0,0
51,63,54,58,0,0,0,0
52,56,59,63,70,0,0,0
51,61,54,58,0,0,0,0
68,0,0,0,0,0,0,0
49,59,52,56,0,0,0,0
49,52,56,61,63,68,0,0
73,0,0,0,0,0,0,0
71,0,0,0,0,0,0,0
49,51,54,58,0,0,0,0
70,0,0,0,0,0,0,0
51,63,54,58,0,0,0,0
52,56,59,63,70,0,0,0
51,61,54,58,0,0,0,0
68,0,0,0,0,0,0,0
49,59,52,56,0,0,0,0
49,52,56,61,63,68,0,0
73,0,0,0,0,0,0,0
71,0,0,0,0,0,0,0
49,51,54,58,0,0,0,0
70,0,0,0,0,0,0,0
51,63,54,58,0,0,0,0
52,56,59,63,70,0,0,0
51,61,54,58,0,0,0,0
68,0,0,0,0,0,0,0
49,59,52,56,0,0,0,0
43,58,60,62,65,0,0,0
46,57,62,65,0,0,0,0
72,0,0,0,0,0,0,0
74,0,0,0,0,0,0,0
72,0,0,0,0,0,0,0
50,0,0,0,0,0,0,0
48,55,58,63,0,0,0,0
72,0,0,0,0,0,0,0
70,0,0,0,0,0,0,0
48,55,58,63,0,0,0,0
50,0,0,0,0,0,0,0
41,0,0,0,0,0,0,0
43,58,60,62,65,0,0,0
70,0,0,0,0,0,0,0
43,0,0,0,0,0,0,0
45,0,0,0,0,0,0,0
46,57,62,65,0,0,0,0
72,0,0,0,0,0,0,0
74,0,0,0,0,0,0,0
72,0,0,0,0,0,0,0
50,0,0,0,0,0,0,0
48,55,58,63,0,0,0,0
72,0,0,0,0,0,0,0
70,0,0,0,0,0,0,0
48,55,58,63,0,0,0,0
50,0,0,0,0,0,0,0
41,0,0,0,0,0,0,0
45,52,57,60,64,0,0,0
72,0,0,0,0,0,0,0
74,0,0,0,0,0,0,0
72,0,0,0,0,0,0,0
71,0,0,0,0,0,0,0
69,0,0,0,0,0,0,0
41,50,55,62,0,0,0,0
69,0,0,0,0,0,0,0
71,0,0,0,0,0,0,0
67,0,0,0,0,0,0,0
40,45,50,53,57,62,0,0
67,0,0,0,0,0,0,0
69,0,0,0,0,0,0,0
67,0,0,0,0,0,0,0
65,0,0,0,0,0,0,0
64,0,0,0,0,0,0,0
36,50,53,45,65,57,0,0
64,0,0,0,0,0,0,0
38,62,47,52,55,0,0,0
47,52,55,59,0,0,0,0
62,0,0,0,0,0,0,0
64,0,0,0,0,0,0,0
59,0,0,0,0,0,0,0
62,0,0,0,0,0,0,0
50,54,57,0,0,0,0,0
61,64,0,0,0,0,0,0
50,54,57,0,0,0,0,0
61,64,0,0,0,0,0,0
45,50,53,0,0,0,0,0
55,59,0,0,0,0,0,0
53,0,0,0,0,0,0,0
54,0,0,0,0,0,0,0
55,0,0,0,0,0,0,0
54,0,0,0,0,0,0,0
45,49,52,0,0,0,0,0
54,57,0,0,0,0,0,0
47,52,55,59,0,0,0,0
62,0,0,0,0,0,0,0
64,0,0,0,0,0,0,0
59,0,0,0,0,0,0,0
62,0,0,0,0,0,0,0
50,54,57,0,0,0,0,0
61,64,0,0,0,0,0,0
50,54,57,0,0,0,0,0
61,64,0,0,0,0,0,0
45,50,53,0,0,0,0,0
55,59,0,0,0,0,0,0
53,0,0,0,0,0,0,0
54,0,0,0,0,0,0,0
55,0,0,0,0,0,0,0
54,0,0,0,0,0,0,0
45,49,52,0,0,0,0,0
54,57,0,0,0,0,0,0
61,64,68,73,0,0,0,0
78,0,0,0,0,0,0,0
81,0,0,0,0,0,0,0
80,0,0,0,0,0,0,0
78,0,0,0,0,0,0,0
59,63,0,0,0,0,0,0
66,71,0,0,0,0,0,0
56,59,63,68,0,0,0,0
76,0,0,0,0,0,0,0
80,0,0,0,0,0,0,0
78,0,0,0,0,0,0,0
76,0,0,0,0,0,0,0
54,57,61,69,73,64,0,0
66,0,0,0,0,0,0,0
56,59,63,71,75,66,0,0
57,61,64,73,76,68,0,0
61,64,68,73,0,0,0,0
78,0,0,0,0,0,0,0
81,0,0,0,0,0,0,0
80,0,0,0,0,0,0,0
78,0,0,0,0,0,0,0
59,63,0,0,0,0,0,0
66,71,0,0,0,0,0,0
56,59,63,68,0,0,0,0
76,0,0,0,0,0,0,0
80,0,0,0,0,0,0,0
78,0,0,0,0,0,0,0
76,0,0,0,0,0,0,0
54,57,61,69,73,64,0,0
66,0,0,0,0,0,0,0
56,59,63,71,75,66,0,0
57,61,64,73,76,68,0,0
51,55,60,63,67,0,0,0
75,0,0,0,0,0,0,0
74,0,0,0,0,0,0,0
67,0,0,0,0,0,0,0
48,53,56,60,63,70,0,0
60,0,0,0,0,0,0,0
53,56,60,63,68,0,0,0
77,0,0,0,0,0,0,0
75,0,0,0,0,0,0,0
65,0,0,0,0,0,0,0
55,58,62,65,72,0,0,0
68,0,0,0,0,0,0,0
51,55,60,63,67,0,0,0
75,0,0,0,0,0,0,0
74,0,0,0,0,0,0,0
67,0,0,0,0,0,0,0
48,53,56,60,63,70,0,0
80,0,0,0,0,0,0,0
79,0,0,0,0,0,0,0
60,0,0,0,0,0,0,0
53,56,60,63,68,0,0,0
77,0,0,0,0,0,0,0
75,0,0,0,0,0,0,0
65,0,0,0,0,0,0,0
55,58,62,65,72,0,0,0
80,0,0,0,0,0,0,0
79,0,0,0,0,0,0,0
68,0,0,0,0,0,0,0
75,0,0,0,0,0,0,0
52,0,0,0,0,0,0,0
81,83,0,0,0,0,0,0
67,74,0,0,0,0,0,0
83,0,0,0,0,0,0,0
86,0,0,0,0,0,0,0
50,73,0,0,0,0,0,0
81,0,0,0,0,0,0,0
71,78,0,0,0,0,0,0
83,0,0,0,0,0,0,0
90,0,0,0,0,0,0,0
52,74,0,0,0,0,0,0
81,0,0,0,0,0,0,0
79,0,0,0,0,0,0,0
83,0,0,0,0,0,0,0
83,0,0,0,0,0,0,0
86,0,0,0,0,0,0,0
50,73,78,0,0,0,0,0
81,0,0,0,0,0,0,0
83,0,0,0,0,0,0,0
83,0,0,0,0,0,0,0
90,0,0,0,0,0,0,0
88,0,0,0,0,0,0,0
50,53,60,57,64,0,0,0
50,53,60,57,64,0,0,0
69,0,0,0,0,0,0,0
67,0,0,0,0,0,0,0
50,53,57,64,69,0,0,0
62,0,0,0,0,0,0,0
48,55,64,57,60,0,0,0
48,52,55,57,60,64,0,0
55,58,62,65,69,0,0,0
53,57,60,65,74,0,0,0
72,0,0,0,0,0,0,0
51,56,59,63,0,0,0,0
66,0,0,0,0,0,0,0
71,0,0,0,0,0,0,0
76,0,0,0,0,0,0,0
75,0,0,0,0,0,0,0
68,0,0,0,0,0,0,0
66,0,0,0,0,0,0,0
61,0,0,0,0,0,0,0
47,57,61,64,68,71,0,0
45,54,57,61,64,68,0,0
51,56,59,63,0,0,0,0
66,0,0,0,0,0,0,0
71,0,0,0,0,0,0,0
76,0,0,0,0,0,0,0
75,0,0,0,0,0,0,0
68,0,0,0,0,0,0,0
66,0,0,0,0,0,0,0
61,0,0,0,0,0,0,0
47,57,61,64,68,71,0,0
45,54,57,61,64,68,0,0
44,56,59,63,66,71,0,0
51,56,59,63,0,0,0,0
66,0,0,0,0,0,0,0
71,0,0,0,0,0,0,0
76,0,0,0,0,0,0,0
75,0,0,0,0,0,0,0
68,0,0,0,0,0,0,0
66,0,0,0,0,0,0,0
61,0,0,0,0,0,0,0
47,57,61,64,68,71,0,0
45,54,57,61,64,68,0,0
51,56,59,63,0,0,0,0
66,0,0,0,0,0,0,0
71,0,0,0,0,0,0,0
76,0,0,0,0,0,0,0
75,0,0,0,0,0,0,0
68,0,0,0,0,0,0,0
66,0,0,0,0,0,0,0
61,0,0,0,0,0,0,0
47,57,61,64,68,71,0,0
45,54,57,61,64,68,0,0
44,56,59,63,66,71,0,0
51,63,74,67,70,79,0,0
82,0,0,0,0,0,0,0
84,0,0,0,0,0,0,0
53,65,68,72,77,80,0,0
86,0,0,0,0,0,0,0
53,65,68,72,77,80,0,0
84,0,0,0,0,0,0,0
50,62,65,67,70,0,0,0
78,0,0,0,0,0,0,0
74,0,0,0,0,0,0,0
79,0,0,0,0,0,0,0
75,0,0,0,0,0,0,0
77,0,0,0,0,0,0,0
63,75,0,0,0,0,0,0
51,63,74,67,70,79,0,0
82,0,0,0,0,0,0,0
84,0,0,0,0,0,0,0
53,65,68,72,77,80,0,0
86,0,0,0,0,0,0,0
53,65,68,72,77,80,0,0
84,0,0,0,0,0,0,0
62,65,67,50,70,0,0,0
78,0,0,0,0,0,0,0
74,0,0,0,0,0,0,0
79,0,0,0,0,0,0,0
75,0,0,0,0,0,0,0
77,0,0,0,0,0,0,0
75,0,0,0,0,0,0,0
51,63,74,67,70,79,0,0
82,0,0,0,0,0,0,0
84,0,0,0,0,0,0,0
53,65,68,72,77,80,0,0
86,0,0,0,0,0,0,0
53,65,68,72,77,80,0,0
84,0,0,0,0,0,0,0
50,62,65,67,70,0,0,0
78,0,0,0,0,0,0,0
74,0,0,0,0,0,0,0
79,0,0,0,0,0,0,0
75,0,0,0,0,0,0,0
77,0,0,0,0,0,0,0
63,75,0,0,0,0,0,0
51,63,74,67,70,79,0,0
82,0,0,0,0,0,0,0
84,0,0,0,0,0,0,0
53,65,68,72,77,80,0,0
86,0,0,0,0,0,0,0
53,65,68,72,77,80,0,0
84,0,0,0,0,0,0,0
62,65,67,50,70,0,0,0
78,0,0,0,0,0,0,0
74,0,0,0,0,0,0,0
79,0,0,0,0,0,0,0
75,0,0,0,0,0,0,0
77,0,0,0,0,0,0,0
75,0,0,0,0,0,0,0
51,56,59,63,66,0,0,0
71,0,0,0,0,0,0,0
49,52,56,59,64,0,0,0
47,52,56,59,63,0,0,0
68,0,0,0,0,0,0,0
51,56,59,63,66,0,0,0
71,0,0,0,0,0,0,0
49,52,56,59,64,0,0,0
47,52,56,59,63,0,0,0
64,0,0,0,0,0,0,0
66,0,0,0,0,0,0,0
68,0,0,0,0,0,0,0
71,0,0,0,0,0,0,0
51,56,59,63,66,0,0,0
71,0,0,0,0,0,0,0
49,52,56,59,64,0,0,0
47,52,56,59,63,0,0,0
68,0,0,0,0,0,0,0
51,56,59,63,66,0,0,0
71,0,0,0,0,0,0,0
49,52,56,59,64,0,0,0
47,52,56,59,63,0,0,0
64,0,0,0,0,0,0,0
66,0,0,0,0,0,0,0
68,0,0,0,0,0,0,0
71,0,0,0,0,0,0,0
63,41,60,56,53,0,0,0
61,51,39,58,54,0,0,0
49,60,37,53,56,0,0,0
63,41,60,56,53,0,0,0
61,51,39,58,54,0,0,0
49,60,37,53,56,0,0,0
78,74,67,71,0,0,0,0
90,0,0,0,0,0,0,0
86,0,0,0,0,0,0,0
83,0,0,0,0,0,0,0
76,0,0,0,0,0,0,0
79,0,0,0,0,0,0,0
72,62,65,69,0,0,0,0
83,0,0,0,0,0,0,0
81,0,0,0,0,0,0,0
60,71,64,67,0,0,0,0
81,0,0,0,0,0,0,0
60,63,70,67,0,0,0,0
55,67,70,74,77,0,0,0
69,72,57,76,79,0,0,0
70,58,81,74,77,0,0,0
57,69,72,76,79,0,0,0
67,55,70,74,77,0,0,0
57,69,72,76,79,0,0,0
58,70,74,0,0,0,0,0
64,62,59,55,0,0,0,0
62,57,54,0,0,0,0,0
69,66,62,59,0,0,0,0
62,59,55,52,0,0,0,0
65,62,58,55,0,0,0,0
55,62,58,51,0,0,0,0
48,51,55,0,0,0,0,0
55,48,51,58,0,0,0,0
57,53,50,0,0,0,0,0
62,58,55,51,0,0,0,0
63,60,56,53,0,0,0,0
51,55,58,60,0,0,0,0
56,60,51,63,0,0,0,0
49,53,56,60,0,0,0,0
67,76,74,71,55,0,0,0
66,69,74,74,62,0,0,0
71,71,81,78,74,59,0,0
64,64,74,71,67,52,0,0
64,71,68,52,0,0,0,0
64,71,68,52,0,0,0,0
60,67,64,48,0,0,0,0
65,72,69,53,0,0,0,0
64,57,52,45,0,0,0,0
60,0,0,0,0,0,0,0
64,62,57,53,45,38,0,0
64,62,57,53,45,38,0,0
64,60,57,48,41,0,0,0
56,64,59,47,40,0,0,0
56,64,59,47,40,0,0,0
68,65,60,53,0,0,0,0
67,63,58,51,0,0,0,0
67,63,60,48,0,0,0,0
65,62,58,46,0,0,0,0
59,63,56,44,0,0,0,0
63,58,54,42,0,0,0,0
40,52,61,56,0,0,0,0
42,58,54,61,0,0,0,0
64,60,55,48,0,0,0,0
64,59,56,52,0,0,0,0
64,60,57,45,0,0,0,0
65,60,57,53,0,0,0,0
63,61,58,54,0,0,0,0
61,56,53,0,0,0,0,0
68,65,61,58,0,0,0,0
61,58,54,51,0,0,0,0
63,0,0,0,0,0,0,0
70,0,0,0,0,0,0,0
74,0,0,0,0,0,0,0
77,0,0,0,0,0,0,0
60,0,0,0,0,0,0,0
70,0,0,0,0,0,0,0
67,0,0,0,0,0,0,0
70,0,0,0,0,0,0,0
74,0,0,0,0,0,0,0
58,0,0,0,0,0,0,0
60,0,0,0,0,0,0,0
67,0,0,0,0,0,0,0
70,0,0,0,0,0,0,0
65,0,0,0,0,0,0,0
69,0,0,0,0,0,0,0
72,0,0,0,0,0,0,0
58,0,0,0,0,0,0,0
65,0,0,0,0,0,0,0
72,0,0,0,0,0,0,0
72,0,0,0,0,0,0,0
69,0,0,0,0,0,0,0
65,0,0,0,0,0,0,0
63,0,0,0,0,0,0,0
58,0,0,0,0,0,0,0
70,0,0,0,0,0,0,0
74,0,0,0,0,0,0,0
77,0,0,0,0,0,0,0
60,0,0,0,0,0,0,0
70,0,0,0,0,0,0,0
67,0,0,0,0,0,0,0
70,0,0,0,0,0,0,0
74,0,0,0,0,0,0,0
58,0,0,0,0,0,0,0
60,0,0,0,0,0,0,0
67,0,0,0,0,0,0,0
70,0,0,0,0,0,0,0
65,0,0,0,0,0,0,0
69,0,0,0,0,0,0,0
72,0,0,0,0,0,0,0
58,0,0,0,0,0,0,0
65,0,0,0,0,0,0,0
72,0,0,0,0,0,0,0
72,0,0,0,0,0,0,0
69,0,0,0,0,0,0,0
65,0,0,0,0,0,0,0
58,0,0,0,0,0,0,0
77,49,0,0,0,0,0,0
70,73,49,0,0,0,0,0
80,0,0,0,0,0,0,0
77,0,0,0,0,0,0,0
51,0,0,0,0,0,0,0
75,77,0,0,0,0,0,0
75,0,0,0,0,0,0,0
73,0,0,0,0,0,0,0
51,0,0,0,0,0,0,0
72,0,0,0,0,0,0,0
72,0,0,0,0,0,0,0
56,0,0,0,0,0,0,0
68,0,0,0,0,0,0,0
70,0,0,0,0,0,0,0
72,0,0,0,0,0,0,0
73,56,0,0,0,0,0,0
75,0,0,0,0,0,0,0
77,46,0,0,0,0,0,0
70,72,0,0,0,0,0,0
73,0,0,0,0,0,0,0
46,0,0,0,0,0,0,0
75,0,0,0,0,0,0,0
77,0,0,0,0,0,0,0
80,0,0,0,0,0,0,0
77,49,0,0,0,0,0,0
70,73,49,0,0,0,0,0
80,0,0,0,0,0,0,0
77,0,0,0,0,0,0,0
51,0,0,0,0,0,0,0
75,77,0,0,0,0,0,0
75,0,0,0,0,0,0,0
73,0,0,0,0,0,0,0
51,0,0,0,0,0,0,0
72,0,0,0,0,0,0,0
72,0,0,0,0,0,0,0
56,0,0,0,0,0,0,0
68,0,0,0,0,0,0,0
70,0,0,0,0,0,0,0
72,0,0,0,0,0,0,0
73,56,0,0,0,0,0,0
75,0,0,0,0,0,0,0
77,46,0,0,0,0,0,0
70,72,0,0,0,0,0,0
73,0,0,0,0,0,0,0
46,0,0,0,0,0,0,0
75,0,0,0,0,0,0,0
77,0,0,0,0,0,0,0
80,0,0,0,0,0,0,0
77,49,0,0,0,0,0,0
70,73,49,0,0,0,0,0
80,0,0,0,0,0,0,0
77,0,0,0,0,0,0,0
51,0,0,0,0,0,0,0
75,77,0,0,0,0,0,0
75,0,0,0,0,0,0,0
73,0,0,0,0,0,0,0
51,0,0,0,0,0,0,0
72,0,0,0,0,0,0,0
72,0,0,0,0,0,0,0
56,0,0,0,0,0,0,0
68,0,0,0,0,0,0,0
70,0,0,0,0,0,0,0
72,0,0,0,0,0,0,0
73,56,0,0,0,0,0,0
75,0,0,0,0,0,0,0
77,46,0,0,0,0,0,0
70,72,0,0,0,0,0,0
73,0,0,0,0,0,0,0
46,0,0,0,0,0,0,0
75,0,0,0,0,0,0,0
77,0,0,0,0,0,0,0
80,0,0,0,0,0,0,0
77,49,0,0,0,0,0,0
70,73,49,0,0,0,0,0
80,0,0,0,0,0,0,0
77,0,0,0,0,0,0,0
51,0,0,0,0,0,0,0
75,77,0,0,0,0,0,0
75,0,0,0,0,0,0,0
73,0,0,0,0,0,0,0
51,0,0,0,0,0,0,0
72,0,0,0,0,0,0,0
72,0,0,0,0,0,0,0
56,0,0,0,0,0,0,0
68,0,0,0,0,0,0,0
70,0,0,0,0,0,0,0
72,0,0,0,0,0,0,0
73,56,0,0,0,0,0,0
75,0,0,0,0,0,0,0
77,46,0,0,0,0,0,0
70,72,0,0,0,0,0,0
73,0,0,0,0,0,0,0
46,0,0,0,0,0,0,0
75,0,0,0,0,0,0,0
77,0,0,0,0,0,0,0
80,0,0,0,0,0,0,0
77,49,0,0,0,0,0,0
70,73,49,0,0,0,0,0
80,0,0,0,0,0,0,0
77,0,0,0,0,0,0,0
51,0,0,0,0,0,0,0
75,77,0,0,0,0,0,0
75,0,0,0,0,0,0,0
73,0,0,0,0,0,0,0
51,0,0,0,0,0,0,0
72,0,0,0,0,0,0,0
72,0,0,0,0,0,0,0
56,0,0,0,0,0,0,0
68,0,0,0,0,0,0,0
70,0,0,0,0,0,0,0
72,0,0,0,0,0,0,0
73,56,0,0,0,0,0,0
75,0,0,0,0,0,0,0
77,46,0,0,0,0,0,0
70,72,0,0,0,0,0,0
73,0,0,0,0,0,0,0
46,0,0,0,0,0,0,0
75,0,0,0,0,0,0,0
77,0,0,0,0,0,0,0
80,0,0,0,0,0,0,0
77,49,0,0,0,0,0,0
70,73,49,0,0,0,0,0
80,0,0,0,0,0,0,0
77,0,0,0,0,0,0,0
51,0,0,0,0,0,0,0
75,77,0,0,0,0,0,0
75,0,0,0,0,0,0,0
73,0,0,0,0,0,0,0
51,0,0,0,0,0,0,0
72,0,0,0,0,0,0,0
72,0,0,0,0,0,0,0
56,0,0,0,0,0,0,0
68,0,0,0,0,0,0,0
70,0,0,0,0,0,0,0
72,0,0,0,0,0,0,0
73,56,0,0,0,0,0,0
75,0,0,0,0,0,0,0
77,46,0,0,0,0,0,0
70,72,0,0,0,0,0,0
73,0,0,0,0,0,0,0
46,0,0,0,0,0,0,0
75,0,0,0,0,0,0,0
77,0,0,0,0,0,0,0
80,0,0,0,0,0,0,0
85,0,0,0,0,0,0,0
87,0,0,0,0,0,0,0
89,0,0,0,0,0,0,0
94,0,0,0,0,0,0,0
92,0,0,0,0,0,0,0
89,0,0,0,0,0,0,0
87,0,0,0,0,0,0,0
89,0,0,0,0,0,0,0
85,0,0,0,0,0,0,0
87,0,0,0,0,0,0,0
89,0,0,0,0,0,0,0
94,0,0,0,0,0,0,0
92,0,0,0,0,0,0,0
89,0,0,0,0,0,0,0
87,0,0,0,0,0,0,0
89,0,0,0,0,0,0,0
85,0,0,0,0,0,0,0
87,0,0,0,0,0,0,0
89,0,0,0,0,0,0,0
94,0,0,0,0,0,0,0
92,0,0,0,0,0,0,0
89,0,0,0,0,0,0,0
87,0,0,0,0,0,0,0
85,0,0,0,0,0,0,0
82,0,0,0,0,0,0,0
85,0,0,0,0,0,0,0
85,0,0,0,0,0,0,0
87,0,0,0,0,0,0,0
89,0,0,0,0,0,0,0
94,0,0,0,0,0,0,0
92,0,0,0,0,0,0,0
89,0,0,0,0,0,0,0
87,0,0,0,0,0,0,0
85,0,0,0,0,0,0,0
82,0,0,0,0,0,0,0
85,0,0,0,0,0,0,0
65,58,55,43,62,0,0,0
67,57,45,60,64,0,0,0
58,46,69,62,0,0,0,0
67,45,57,60,64,0,0,0
41,53,64,57,60,0,0,0
65,58,43,55,62,0,0,0
57,67,60,45,64,0,0,0
58,46,69,62,65,0,0,0
48,67,63,60,0,0,0,0
50,62,65,69,0,0,0,0
50,62,65,69,0,0,0,0
48,60,63,0,0,0,0,0
67,0,0,0,0,0,0,0
50,0,0,0,0,0,0,0
62,0,0,0,0,0,0,0
65,0,0,0,0,0,0,0
69,0,0,0,0,0,0,0
50,0,0,0,0,0,0,0
62,0,0,0,0,0,0,0
72,0,0,0,0,0,0,0
69,0,0,0,0,0,0,0
65,0,0,0,0,0,0,0
62,0,0,0,0,0,0,0
48,63,67,60,0,0,0,0
50,62,65,69,0,0,0,0
50,62,65,69,0,0,0,0
48,60,63,67,0,0,0,0
48,60,63,67,0,0,0,0
70,0,0,0,0,0,0,0
50,0,0,0,0,0,0,0
62,65,0,0,0,0,0,0
69,0,0,0,0,0,0,0
50,0,0,0,0,0,0,0
62,65,0,0,0,0,0,0
65,0,0,0,0,0,0,0
62,0,0,0,0,0,0,0
60,0,0,0,0,0,0,0
51,54,58,0,0,0,0,0
61,0,0,0,0,0,0,0
53,56,60,0,0,0,0,0
63,0,0,0,0,0,0,0
70,73,77,0,0,0,0,0
58,61,65,0,0,0,0,0
70,73,77,0,0,0,0,0
58,61,65,0,0,0,0,0
80,0,0,0,0,0,0,0
68,0,0,0,0,0,0,0
65,68,72,0,0,0,0,0
53,56,60,0,0,0,0,0
75,0,0,0,0,0,0,0
65,68,72,0,0,0,0,0
53,56,60,0,0,0,0,0
63,0,0,0,0,0,0,0
51,39,55,51,58,62,55,0
62,58,0,0,0,0,0,0
36,58,48,51,55,0,0,0
34,46,50,0,0,0,0,0
57,53,0,0,0,0,0,0
34,46,50,0,0,0,0,0
39,51,55,0,0,0,0,0
62,0,0,0,0,0,0,0
75,79,0,0,0,0,0,0
86,82,0,0,0,0,0,0
36,72,75,48,51,79,55,0
58,82,0,0,0,0,0,0
34,46,70,50,74,0,0,0
57,77,81,0,0,0,0,0
34,46,70,50,74,0,0,0
68,0,0,0,0,0,0,0
52,0,0,0,0,0,0,0
63,0,0,0,0,0,0,0
52,0,0,0,0,0,0,0
68,0,0,0,0,0,0,0
52,0,0,0,0,0,0,0
63,0,0,0,0,0,0,0
52,0,0,0,0,0,0,0
68,0,0,0,0,0,0,0
52,0,0,0,0,0,0,0
63,0,0,0,0,0,0,0
52,0,0,0,0,0,0,0
68,0,0,0,0,0,0,0
52,71,0,0,0,0,0,0
52,0,0,0,0,0,0,0
68,0,0,0,0,0,0,0
52,63,0,0,0,0,0,0
52,0,0,0,0,0,0,0
68,0,0,0,0,0,0,0
52,63,0,0,0,0,0,0
52,0,0,0,0,0,0,0
68,0,0,0,0,0,0,0
52,0,0,0,0,0,0,0
63,52,0,0,0,0,0,0
68,0,0,0,0,0,0,0
52,0,0,0,0,0,0,0
71,52,0,0,0,0,0,0
68,0,0,0,0,0,0,0
52,0,0,0,0,0,0,0
63,0,0,0,0,0,0,0
52,68,0,0,0,0,0,0
52,0,0,0,0,0,0,0
63,52,0,0,0,0,0,0
68,0,0,0,0,0,0,0
52,0,0,0,0,0,0,0
63,52,0,0,0,0,0,0
68,0,0,0,0,0,0,0
52,0,0,0,0,0,0,0
71,52,0,0,0,0,0,0
68,0,0,0,0,0,0,0
52,0,0,0,0,0,0,0
63,52,0,0,0,0,0,0
68,0,0,0,0,0,0,0
52,0,0,0,0,0,0,0
63,52,0,0,0,0,0,0
68,0,0,0,0,0,0,0
52,0,0,0,0,0,0,0
63,52,0,0,0,0,0,0
68,0,0,0,0,0,0,0
52,0,0,0,0,0,0,0
71,0,0,0,0,0,0,0
52,0,0,0,0,0,0,0
64,67,57,60,0,0,0,0
52,55,59,62,0,0,0,0
86,0,0,0,0,0,0,0
83,0,0,0,0,0,0,0
79,0,0,0,0,0,0,0
57,60,64,67,0,0,0,0
81,0,0,0,0,0,0,0
79,0,0,0,0,0,0,0
83,0,0,0,0,0,0,0
76,0,0,0,0,0,0,0
52,0,0,0,0,0,0,0
55,62,59,0,0,0,0,0
76,0,0,0,0,0,0,0
66,55,59,62,0,0,0,0
60,50,53,57,0,0,0,0
48,59,52,55,0,0,0,0
58,55,48,51,0,0,0,0
53,65,69,72,0,0,0,0
76,72,0,0,0,0,0,0
72,0,0,0,0,0,0,0
69,0,0,0,0,0,0,0
67,0,0,0,0,0,0,0
58,46,62,0,0,0,0,0
69,0,0,0,0,0,0,0
58,46,62,0,0,0,0,0
65,0,0,0,0,0,0,0
49,0,0,0,0,0,0,0
61,68,0,0,0,0,0,0
65,72,68,0,0,0,0,0
49,0,0,0,0,0,0,0
68,0,0,0,0,0,0,0
61,0,0,0,0,0,0,0
81,84,0,0,0,0,0,0
84,0,0,0,0,0,0,0
86,0,0,0,0,0,0,0
88,0,0,0,0,0,0,0
91,0,0,0,0,0,0,0
86,88,0,0,0,0,0,0
88,0,0,0,0,0,0,0
84,0,0,0,0,0,0,0
86,0,0,0,0,0,0,0
86,0,0,0,0,0,0,0
84,0,0,0,0,0,0,0
79,91,0,0,0,0,0,0
59,71,62,40,55,52,0,0
74,0,0,0,0,0,0,0
76,0,0,0,0,0,0,0
78,0,0,0,0,0,0,0
71,0,0,0,0,0,0,0
74,0,0,0,0,0,0,0
76,0,0,0,0,0,0,0
78,0,0,0,0,0,0,0
71,0,0,0,0,0,0,0
74,0,0,0,0,0,0,0
76,0,0,0,0,0,0,0
78,0,0,0,0,0,0,0
81,0,0,0,0,0,0,0
78,0,0,0,0,0,0,0
76,0,0,0,0,0,0,0
74,0,0,0,0,0,0,0
78,0,0,0,0,0,0,0
74,0,0,0,0,0,0,0
54,35,47,57,50,0,0,0
78,0,0,0,0,0,0,0
58,43,65,62,55,50,0,0
58,55,0,0,0,0,0,0
58,43,65,62,55,50,0,0
43,65,62,50,0,0,0,0
43,55,58,62,0,0,0,0
65,0,0,0,0,0,0,0
58,0,0,0,0,0,0,0
41,57,48,60,53,64,0,0
58,0,0,0,0,0,0,0
65,0,0,0,0,0,0,0
41,57,53,48,60,64,0,0
41,48,53,57,0,0,0,0
60,64,0,0,0,0,0,0
53,57,60,41,64,48,0,0
53,57,60,41,64,48,0,0
43,55,62,65,50,58,0,0
43,55,65,62,58,50,0,0
43,62,50,55,65,58,0,0
43,50,62,55,65,58,0,0
41,48,53,60,57,64,0,0
53,60,64,57,48,41,0,0
41,53,48,57,60,64,0,0
41,64,53,48,60,57,0,0
73,0,0,0,0,0,0,0
70,0,0,0,0,0,0,0
73,0,0,0,0,0,0,0
70,73,0,0,0,0,0,0
70,73,0,0,0,0,0,0
70,0,0,0,0,0,0,0
73,0,0,0,0,0,0,0
70,73,0,0,0,0,0,0
70,0,0,0,0,0,0,0
73,0,0,0,0,0,0,0
70,73,0,0,0,0,0,0
70,0,0,0,0,0,0,0
73,0,0,0,0,0,0,0
70,0,0,0,0,0,0,0
73,0,0,0,0,0,0,0
70,0,0,0,0,0,0,0
73,0,0,0,0,0,0,0
70,73,0,0,0,0,0,0
70,0,0,0,0,0,0,0
73,70,0,0,0,0,0,0
73,0,0,0,0,0,0,0
70,0,0,0,0,0,0,0
73,0,0,0,0,0,0,0
70,73,0,0,0,0,0,0
70,0,0,0,0,0,0,0
75,0,0,0,0,0,0,0
77,0,0,0,0,0,0,0
80,0,0,0,0,0,0,0
82,0,0,0,0,0,0,0
80,0,0,0,0,0,0,0
77,0,0,0,0,0,0,0
73,75,77,0,0,0,0,0
75,0,0,0,0,0,0,0
73,0,0,0,0,0,0,0
70,68,0,0,0,0,0,0
70,0,0,0,0,0,0,0
73,0,0,0,0,0,0,0
75,0,0,0,0,0,0,0
77,0,0,0,0,0,0,0
80,0,0,0,0,0,0,0
82,0,0,0,0,0,0,0
85,0,0,0,0,0,0,0
87,0,0,0,0,0,0,0
89,0,0,0,0,0,0,0
94,0,0,0,0,0,0,0
92,0,0,0,0,0,0,0
89,0,0,0,0,0,0,0
87,89,0,0,0,0,0,0
87,0,0,0,0,0,0,0
85,0,0,0,0,0,0,0
82,0,0,0,0,0,0,0
80,0,0,0,0,0,0,0
77,0,0,0,0,0,0,0
75,77,0,0,0,0,0,0
75,0,0,0,0,0,0,0
73,0,0,0,0,0,0,0
70,68,0,0,0,0,0,0
65,0,0,0,0,0,0,0
58,46,69,65,62,0,0,0
60,64,53,57,41,0,0,0
39,51,62,55,58,0,0,0
58,62,0,0,0,0,0,0
69,72,0,0,0,0,0,0
65,0,0,0,0,0,0,0
70,74,77,0,0,0,0,0
58,62,0,0,0,0,0,0
65,0,0,0,0,0,0,0
67,70,0,0,0,0,0,0
74,0,0,0,0,0,0,0
53,57,60,64,0,0,0,0
69,0,0,0,0,0,0,0
53,50,57,60,0,0,0,0
53,50,57,60,0,0,0,0
65,0,0,0,0,0,0,0
55,0,0,0,0,0,0,0
55,0,0,0,0,0,0,0
71,68,59,63,52,0,0,0
71,0,0,0,0,0,0,0
68,0,0,0,0,0,0,0
63,0,0,0,0,0,0,0
68,52,63,59,0,0,0,0
48,60,63,67,0,0,0,0
70,0,0,0,0,0,0,0
82,0,0,0,0,0,0,0
79,0,0,0,0,0,0,0
75,0,0,0,0,0,0,0
72,0,0,0,0,0,0,0
70,0,0,0,0,0,0,0
43,55,58,0,0,0,0,0
65,62,0,0,0,0,0,0
77,0,0,0,0,0,0,0
74,0,0,0,0,0,0,0
70,0,0,0,0,0,0,0
67,0,0,0,0,0,0,0
48,60,63,0,0,0,0,0
67,70,0,0,0,0,0,0
82,0,0,0,0,0,0,0
79,0,0,0,0,0,0,0
75,0,0,0,0,0,0,0
72,0,0,0,0,0,0,0
70,0,0,0,0,0,0,0
43,55,58,0,0,0,0,0
65,0,0,0,0,0,0,0
77,0,0,0,0,0,0,0
74,0,0,0,0,0,0,0
70,0,0,0,0,0,0,0
67,0,0,0,0,0,0,0
57,59,0,0,0,0,0,0
62,0,0,0,0,0,0,0
64,0,0,0,0,0,0,0
66,0,0,0,0,0,0,0
67,66,0,0,0,0,0,0
67,0,0,0,0,0,0,0
66,0,0,0,0,0,0,0
64,0,0,0,0,0,0,0
62,0,0,0,0,0,0,0
57,0,0,0,0,0,0,0
59,0,0,0,0,0,0,0
56,59,0,0,0,0,0,0
63,66,0,0,0,0,0,0
56,59,0,0,0,0,0,0
63,0,0,0,0,0,0,0
59,0,0,0,0,0,0,0
56,59,63,0,0,0,0,0
66,0,0,0,0,0,0,0
56,59,63,0,0,0,0,0
47,59,62,66,69,0,0,0
71,0,0,0,0,0,0,0
74,0,0,0,0,0,0,0
76,0,0,0,0,0,0,0
55,43,62,59,66,0,0,0
49,61,68,71,64,0,0,0
71,0,0,0,0,0,0,0
68,0,0,0,0,0,0,0
64,0,0,0,0,0,0,0
48,60,67,64,71,0,0,0
45,52,55,60,0,0,0,0
48,59,55,64,0,0,0,0
48,59,55,64,0,0,0,0
50,0,0,0,0,0,0,0
60,57,65,0,0,0,0,0
50,0,0,0,0,0,0,0
60,57,65,0,0,0,0,0
71,59,56,80,68,0,0,0
73,61,54,78,66,0,0,0
73,61,54,78,66,0,0,0
49,61,66,54,73,0,0,0
51,66,54,75,63,0,0,0
51,66,54,75,63,0,0,0
